context,method,model,test,n_HC,n_iPD,design,gene,status,p_wild,effect_z,ci_low,ci_high,se_hc3,t_hc3,df,max_leverage,p_hc3_t,q_joint_pilot_family
DA,rna_qc,age_sex,full_panel,8,3,intercept + female + age_per_10_years + iPD,ATG101,Fewer than five independent donors in an arm,,,,,,,,,,
DA,rna_qc,age_sex,full_panel,8,4,intercept + female + age_per_10_years + iPD,ATG12,Fewer than five independent donors in an arm,,,,,,,,,,
DA,rna_qc,age_sex,full_panel,8,4,intercept + female + age_per_10_years + iPD,ATG13,Fewer than five independent donors in an arm,,,,,,,,,,
DA,rna_qc,age_sex,full_panel,8,4,intercept + female + age_per_10_years + iPD,ATG2B,Fewer than five independent donors in an arm,,,,,,,,,,
DA,rna_qc,age_sex,full_panel,7,5,intercept + female + age_per_10_years + iPD,ATG16L1,tested,0.44025,-0.0393595228896019,-0.18178025882877238,0.10306121304956858,0.06176083285171971,-0.6372893802144695,8.0,0.5643762686514016,0.5417406819650776,1.0
DA,rna_qc,age_sex,full_panel,8,5,intercept + female + age_per_10_years + iPD,ATG3,tested,0.76415,0.02298947526956049,-0.189990651758795,0.235969602297916,0.09414912921889722,0.2441814965288722,9.0,0.5346569700090101,0.8125658342240626,1.0
DA,rna_qc,age_sex,full_panel,8,5,intercept + female + age_per_10_years + iPD,ATG5,tested,0.05485,0.15354971175076965,-0.052795974081877084,0.3598953975834164,0.09121633511202357,1.6833576087242919,9.0,0.5346569700090101,0.12659545459878527,1.0
DA,rna_qc,age_sex,full_panel,8,5,intercept + female + age_per_10_years + iPD,BECN1,tested,0.4058,0.07000747486555006,-0.15949350975144952,0.29950845948254967,0.10145227236949345,0.6900532953128925,9.0,0.5346569700090101,0.507562629604986,1.0
DA,rna_qc,age_sex,full_panel,8,5,intercept + female + age_per_10_years + iPD,EPG5,tested,0.88625,0.008962698658066467,-0.1689446706767419,0.1868700679928748,0.07864500851887897,0.11396398610491529,9.0,0.5346569700090101,0.9117681596306835,1.0
DA,rna_qc,age_sex,full_panel,8,5,intercept + female + age_per_10_years + iPD,GABARAPL1,tested,0.0445,-0.12206265077654085,-0.28229146902320396,0.03816616747012225,0.0708301000857599,-1.7233160849518698,9.0,0.5346569700090101,0.11892560776937441,1.0
DA,rna_qc,age_sex,full_panel,8,5,intercept + female + age_per_10_years + iPD,GABARAPL2,tested,0.77635,0.031054532971878705,-0.2636973069632454,0.3258063729070028,0.1302968002355688,0.23833688099580322,9.0,0.5346569700090101,0.8169577873292373,1.0
DA,rna_qc,age_sex,full_panel,8,5,intercept + female + age_per_10_years + iPD,GRN,tested,0.97035,-0.004483175279043917,-0.24417388166667506,0.23520753110858725,0.10595669935558533,-0.042311390467143634,9.0,0.5346569700090101,0.9671742892807731,1.0
DA,rna_qc,age_sex,full_panel,8,5,intercept + female + age_per_10_years + iPD,LAMP2,tested,0.27515,-0.10816765758632076,-0.42002344547995407,0.2036881303073126,0.13785770194488456,-0.784632676015201,9.0,0.5346569700090101,0.45282600908287163,1.0
DA,rna_qc,age_sex,full_panel,8,5,intercept + female + age_per_10_years + iPD,MAP1LC3A,tested,0.5659,-0.057506501187616355,-0.35221675002508535,0.23720374764985264,0.13027841464400156,-0.4414123501944544,9.0,0.5346569700090101,0.6693289561453695,1.0
DA,rna_qc,age_sex,full_panel,8,5,intercept + female + age_per_10_years + iPD,MAP1LC3B,tested,0.52665,-0.051199878425414506,-0.2950806497920706,0.1926808929412416,0.10780894244816869,-0.47491309406016924,9.0,0.5346569700090101,0.6461617259461686,1.0
DA,rna_qc,age_sex,full_panel,8,5,intercept + female + age_per_10_years + iPD,NBR1,tested,0.27785,-0.10200871304890416,-0.3519148903338871,0.14789746423607877,0.11047250889596845,-0.9233855016813766,9.0,0.5346569700090101,0.37989638440997575,1.0
DA,rna_qc,age_sex,full_panel,8,5,intercept + female + age_per_10_years + iPD,OPTN,tested,0.61475,-0.050154752260254475,-0.30648963440989463,0.2061801298893857,0.11331435603662766,-0.44261604632022516,9.0,0.5346569700090101,0.6684899162905393,1.0
DA,rna_qc,age_sex,full_panel,8,5,intercept + female + age_per_10_years + iPD,PINK1,tested,0.7045,0.028108084289924663,-0.16826228008246066,0.22447844866231,0.08680668505562582,0.3238009177739361,9.0,0.5346569700090101,0.7534866369835536,1.0
DA,rna_qc,age_sex,full_panel,8,5,intercept + female + age_per_10_years + iPD,RB1CC1,tested,0.5564,-0.03409458920893444,-0.18972215397996342,0.12153297556209455,0.06879608867779084,-0.4955890642070914,9.0,0.5346569700090101,0.6320597898907101,1.0
DA,rna_qc,age_sex,full_panel,8,5,intercept + female + age_per_10_years + iPD,SNX14,tested,0.0416,-0.13478804660730764,-0.25882074961624124,-0.010755343598374045,0.05482939251605609,-2.4583173444396027,9.0,0.5346569700090101,0.036258599154258254,1.0
DA,rna_qc,age_sex,full_panel,8,5,intercept + female + age_per_10_years + iPD,SNX4,tested,0.8794,-0.009889902659243615,-0.1975616299606007,0.17778182464211348,0.08296140091078402,-0.11921089266415753,9.0,0.5346569700090101,0.9077268093256032,1.0
DA,rna_qc,age_sex,full_panel,8,5,intercept + female + age_per_10_years + iPD,SQSTM1,tested,0.93495,0.00693383129053897,-0.23376403344131252,0.2476316960223905,0.10640191967926965,0.06516641157828558,9.0,0.5346569700090101,0.9494660531840533,1.0
DA,rna_qc,age_sex,full_panel,8,5,intercept + female + age_per_10_years + iPD,TOLLIP,tested,0.1607,-0.12017221403114559,-0.3228663801307502,0.08252195206845903,0.0896021591417662,-1.3411754268221623,9.0,0.5346569700090101,0.212725073008014,1.0
DA,rna_qc,age_sex,full_panel,8,5,intercept + female + age_per_10_years + iPD,WDR45,tested,0.2895,-0.05976902766832747,-0.2134186378884786,0.09388058255182363,0.06792172212914607,-0.8799692615962077,9.0,0.5346569700090101,0.40176148414610513,1.0
DA,rna_qc,age_sex,full_panel,8,5,intercept + female + age_per_10_years + iPD,WIPI2,tested,0.76375,0.0433165658076252,-0.32830542996237994,0.41493856157763037,0.16427770885720483,0.2636789014709066,9.0,0.5346569700090101,0.7979653047568009,1.0
DA,rna_qc,age_sex,full_panel,8,4,intercept + female + age_per_10_years + iPD,ATG4B,Fewer than five independent donors in an arm,,,,,,,,,,
DA,rna_qc,age_sex,full_panel,8,4,intercept + female + age_per_10_years + iPD,ATG7,Fewer than five independent donors in an arm,,,,,,,,,,
DA,rna_qc,age_sex,full_panel,8,4,intercept + female + age_per_10_years + iPD,CLEC16A,Fewer than five independent donors in an arm,,,,,,,,,,
DA,rna_qc,age_sex,full_panel,8,4,intercept + female + age_per_10_years + iPD,PRKN,Fewer than five independent donors in an arm,,,,,,,,,,
DA,rna_qc,age_sex,full_panel,8,4,intercept + female + age_per_10_years + iPD,SNX30,Fewer than five independent donors in an arm,,,,,,,,,,
DA,rna_qc,age_sex,full_panel,7,4,intercept + female + age_per_10_years + iPD,PIK3R4,Fewer than five independent donors in an arm,,,,,,,,,,
DA,rna_qc,age_sex,full_panel,6,5,intercept + female + age_per_10_years + iPD,SPG11,tested,0.67655,0.028158703213746222,-0.16943713117940284,0.2257545376068953,0.08356331214514319,0.33697447469335196,7.0,0.5749618546045184,0.7460138966809609,1.0
DA,rna_qc,age_sex,full_panel,6,5,intercept + female + age_per_10_years + iPD,UVRAG,tested,0.09065,0.12249416353948027,-0.11291670236822825,0.35790502944718877,0.09955529543737356,1.2304133396554147,7.0,0.5832537568477663,0.25828172725670445,1.0
DA,rna_qc,age_sex_PMI_RIN,full_panel,8,3,intercept + female + age_per_10_years + PMI_per_10_hours + RIN + iPD,ATG101,Fewer than five independent donors in an arm,,,,,,,,,,
DA,rna_qc,age_sex_PMI_RIN,full_panel,8,4,intercept + female + age_per_10_years + PMI_per_10_hours + RIN + iPD,ATG12,Fewer than five independent donors in an arm,,,,,,,,,,
DA,rna_qc,age_sex_PMI_RIN,full_panel,8,4,intercept + female + age_per_10_years + PMI_per_10_hours + RIN + iPD,ATG13,Fewer than five independent donors in an arm,,,,,,,,,,
DA,rna_qc,age_sex_PMI_RIN,full_panel,8,4,intercept + female + age_per_10_years + PMI_per_10_hours + RIN + iPD,ATG2B,Fewer than five independent donors in an arm,,,,,,,,,,
DA,rna_qc,age_sex_PMI_RIN,full_panel,7,5,intercept + female + age_per_10_years + PMI_per_10_hours + RIN + iPD,ATG16L1,tested,0.18045,-0.09508826257482246,-0.3065179403902023,0.11634141524055737,0.08640674077400327,-1.1004727376944548,6.0,0.782109931235265,0.3133059574427646,1.0
DA,rna_qc,age_sex_PMI_RIN,full_panel,8,5,intercept + female + age_per_10_years + PMI_per_10_hours + RIN + iPD,ATG3,tested,0.0186,-0.11274381049323637,-0.3017088209656783,0.07622119997920557,0.07991333523358121,-1.4108259924791515,7.0,0.7578117113691232,0.20115664270767264,0.8183999999999999
DA,rna_qc,age_sex_PMI_RIN,full_panel,8,5,intercept + female + age_per_10_years + PMI_per_10_hours + RIN + iPD,ATG5,tested,0.06745,0.23951693448227096,-0.19086865307563294,0.6699025220401749,0.18201013855542553,1.3159538055586586,7.0,0.7578117113691232,0.22964501971202345,1.0
DA,rna_qc,age_sex_PMI_RIN,full_panel,8,5,intercept + female + age_per_10_years + PMI_per_10_hours + RIN + iPD,BECN1,tested,0.8027,0.0568047206770502,-0.5648283323027005,0.6784377736568009,0.2628887243773104,0.21607895436215574,7.0,0.7578117113691232,0.8350878862227247,1.0
DA,rna_qc,age_sex_PMI_RIN,full_panel,8,5,intercept + female + age_per_10_years + PMI_per_10_hours + RIN + iPD,EPG5,tested,0.6409,0.05602788128593924,-0.26493931155296174,0.3769950741248402,0.13573708072297994,0.41276769021048987,7.0,0.7578117113691232,0.6921263200726773,1.0
DA,rna_qc,age_sex_PMI_RIN,full_panel,8,5,intercept + female + age_per_10_years + PMI_per_10_hours + RIN + iPD,GABARAPL1,tested,0.0171,-0.3123135441443637,-0.6573548049409625,0.03272771665223523,0.14591800817790737,-2.1403358505523333,7.0,0.7578117113691232,0.06959978623784456,0.8183999999999999
DA,rna_qc,age_sex_PMI_RIN,full_panel,8,5,intercept + female + age_per_10_years + PMI_per_10_hours + RIN + iPD,GABARAPL2,tested,0.54235,0.1508674575949199,-0.5769072198760632,0.878642135065903,0.3077760355202469,0.4901858500448296,7.0,0.7578117113691232,0.6389919425860602,1.0
DA,rna_qc,age_sex_PMI_RIN,full_panel,8,5,intercept + female + age_per_10_years + PMI_per_10_hours + RIN + iPD,GRN,tested,0.5025,0.07289801010935869,-0.24660196098674103,0.39239798120545843,0.1351165923971183,0.5395193056312855,7.0,0.7578117113691232,0.6062560637682353,1.0
DA,rna_qc,age_sex_PMI_RIN,full_panel,8,5,intercept + female + age_per_10_years + PMI_per_10_hours + RIN + iPD,LAMP2,tested,0.4822,-0.17041077148765663,-0.8465767507798859,0.5057552078045727,0.2859507082376126,-0.5959445686913728,7.0,0.7578117113691232,0.5699719196131616,1.0
DA,rna_qc,age_sex_PMI_RIN,full_panel,8,5,intercept + female + age_per_10_years + PMI_per_10_hours + RIN + iPD,MAP1LC3A,tested,0.5525,-0.0983174500239964,-0.5889106273074628,0.39227572725946996,0.2074719385432411,-0.47388312228790963,7.0,0.7578117113691232,0.650007600130153,1.0
DA,rna_qc,age_sex_PMI_RIN,full_panel,8,5,intercept + female + age_per_10_years + PMI_per_10_hours + RIN + iPD,MAP1LC3B,tested,0.4981,-0.08488303128067949,-0.457681989487423,0.28791592692606405,0.15765674315801465,-0.5384040643006546,7.0,0.7578117113691232,0.6069858869648406,1.0
DA,rna_qc,age_sex_PMI_RIN,full_panel,8,5,intercept + female + age_per_10_years + PMI_per_10_hours + RIN + iPD,NBR1,tested,0.02185,-0.20928812505405897,-0.5412025364574573,0.12262628634933936,0.1403666613254034,-1.4910102091042772,7.0,0.7578117113691232,0.17958191967606837,0.8240571428571429
DA,rna_qc,age_sex_PMI_RIN,full_panel,8,5,intercept + female + age_per_10_years + PMI_per_10_hours + RIN + iPD,OPTN,tested,0.18155,-0.16400757086941503,-0.5387404702465708,0.21072532850774067,0.15847460720960166,-1.034913881518541,7.0,0.7578117113691232,0.3351325290291206,1.0
DA,rna_qc,age_sex_PMI_RIN,full_panel,8,5,intercept + female + age_per_10_years + PMI_per_10_hours + RIN + iPD,PINK1,tested,0.80485,-0.031192116232520672,-0.4854058340376695,0.4230216015726282,0.19208705891055775,-0.16238530804433202,7.0,0.7578117113691232,0.8755905631675278,1.0
DA,rna_qc,age_sex_PMI_RIN,full_panel,8,5,intercept + female + age_per_10_years + PMI_per_10_hours + RIN + iPD,RB1CC1,tested,0.79205,0.04081351317126708,-0.407970190604734,0.48959721694726815,0.1897907050493353,0.2150448472208256,7.0,0.7578117113691232,0.8358633349456398,1.0
DA,rna_qc,age_sex_PMI_RIN,full_panel,8,5,intercept + female + age_per_10_years + PMI_per_10_hours + RIN + iPD,SNX14,tested,0.0567,-0.12720778654889295,-0.34772457952910424,0.09330900643131834,0.0932565894500973,-1.3640621783296434,7.0,0.7578117113691232,0.2147833549216625,1.0
DA,rna_qc,age_sex_PMI_RIN,full_panel,8,5,intercept + female + age_per_10_years + PMI_per_10_hours + RIN + iPD,SNX4,tested,0.4675,-0.09790466519577051,-0.45495597179430924,0.2591466414027682,0.1509970586007424,-0.6483878964466739,7.0,0.7578117113691232,0.5374149426107329,1.0
DA,rna_qc,age_sex_PMI_RIN,full_panel,8,5,intercept + female + age_per_10_years + PMI_per_10_hours + RIN + iPD,SQSTM1,tested,0.9463,-0.01173337731731275,-0.5728360816776454,0.54936932704302,0.23729042959810565,-0.049447326372097485,7.0,0.7578117113691232,0.9619441265684973,1.0
DA,rna_qc,age_sex_PMI_RIN,full_panel,8,5,intercept + female + age_per_10_years + PMI_per_10_hours + RIN + iPD,TOLLIP,tested,0.9195,-0.01109235412243071,-0.3126525366144704,0.290467828369609,0.1275298527295389,-0.08697849080054228,7.0,0.7578117113691232,0.9331243997439242,1.0
DA,rna_qc,age_sex_PMI_RIN,full_panel,8,5,intercept + female + age_per_10_years + PMI_per_10_hours + RIN + iPD,WDR45,tested,0.0282,-0.1830041313614497,-0.36775850773920016,0.0017502450163007777,0.07813265735510118,-2.342223310410696,7.0,0.7578117113691232,0.05167557020442184,0.9306
DA,rna_qc,age_sex_PMI_RIN,full_panel,8,5,intercept + female + age_per_10_years + PMI_per_10_hours + RIN + iPD,WIPI2,tested,0.50095,0.11827766100110143,-0.3883727945737248,0.6249281165759277,0.21426256427775237,0.5520220548083052,7.0,0.7578117113691232,0.5981072672652568,1.0
DA,rna_qc,age_sex_PMI_RIN,full_panel,8,4,intercept + female + age_per_10_years + PMI_per_10_hours + RIN + iPD,ATG4B,Fewer than five independent donors in an arm,,,,,,,,,,
DA,rna_qc,age_sex_PMI_RIN,full_panel,8,4,intercept + female + age_per_10_years + PMI_per_10_hours + RIN + iPD,ATG7,Fewer than five independent donors in an arm,,,,,,,,,,
DA,rna_qc,age_sex_PMI_RIN,full_panel,8,4,intercept + female + age_per_10_years + PMI_per_10_hours + RIN + iPD,CLEC16A,Fewer than five independent donors in an arm,,,,,,,,,,
DA,rna_qc,age_sex_PMI_RIN,full_panel,8,4,intercept + female + age_per_10_years + PMI_per_10_hours + RIN + iPD,PRKN,Fewer than five independent donors in an arm,,,,,,,,,,
DA,rna_qc,age_sex_PMI_RIN,full_panel,8,4,intercept + female + age_per_10_years + PMI_per_10_hours + RIN + iPD,SNX30,Fewer than five independent donors in an arm,,,,,,,,,,
DA,rna_qc,age_sex_PMI_RIN,full_panel,7,4,intercept + female + age_per_10_years + PMI_per_10_hours + RIN + iPD,PIK3R4,Fewer than five independent donors in an arm,,,,,,,,,,
DA,rna_qc,age_sex_PMI_RIN,full_panel,6,5,intercept + female + age_per_10_years + PMI_per_10_hours + RIN + iPD,SPG11,tested,0.89505,-0.023771409594157356,-0.6572038178777103,0.6096609986893956,0.24641596671270938,-0.09646862543559073,5.0,0.8472414385652816,0.9268957427219667,1.0
DA,rna_qc,age_sex_PMI_RIN,full_panel,6,5,intercept + female + age_per_10_years + PMI_per_10_hours + RIN + iPD,UVRAG,tested,0.70355,0.0601863036997337,-0.5863403214118744,0.7067129288113417,0.25150983948561406,0.23929999646465622,5.0,0.8478364715646693,0.820372788508465,1.0
DA_minus_other_neurons,rna_qc,age_sex,full_panel,7,2,intercept + female + age_per_10_years + iPD,ATG101,Fewer than five independent donors in an arm,,,,,,,,,,
DA_minus_other_neurons,rna_qc,age_sex,full_panel,8,3,intercept + female + age_per_10_years + iPD,ATG12,Fewer than five independent donors in an arm,,,,,,,,,,
DA_minus_other_neurons,rna_qc,age_sex,full_panel,8,3,intercept + female + age_per_10_years + iPD,ATG13,Fewer than five independent donors in an arm,,,,,,,,,,
DA_minus_other_neurons,rna_qc,age_sex,full_panel,8,3,intercept + female + age_per_10_years + iPD,ATG2B,Fewer than five independent donors in an arm,,,,,,,,,,
DA_minus_other_neurons,rna_qc,age_sex,full_panel,7,4,intercept + female + age_per_10_years + iPD,ATG16L1,Fewer than five independent donors in an arm,,,,,,,,,,
DA_minus_other_neurons,rna_qc,age_sex,full_panel,8,4,intercept + female + age_per_10_years + iPD,ATG3,Fewer than five independent donors in an arm,,,,,,,,,,
DA_minus_other_neurons,rna_qc,age_sex,full_panel,8,4,intercept + female + age_per_10_years + iPD,ATG4B,Fewer than five independent donors in an arm,,,,,,,,,,
DA_minus_other_neurons,rna_qc,age_sex,full_panel,8,4,intercept + female + age_per_10_years + iPD,ATG5,Fewer than five independent donors in an arm,,,,,,,,,,
DA_minus_other_neurons,rna_qc,age_sex,full_panel,8,4,intercept + female + age_per_10_years + iPD,ATG7,Fewer than five independent donors in an arm,,,,,,,,,,
DA_minus_other_neurons,rna_qc,age_sex,full_panel,8,4,intercept + female + age_per_10_years + iPD,BECN1,Fewer than five independent donors in an arm,,,,,,,,,,
DA_minus_other_neurons,rna_qc,age_sex,full_panel,8,4,intercept + female + age_per_10_years + iPD,CLEC16A,Fewer than five independent donors in an arm,,,,,,,,,,
DA_minus_other_neurons,rna_qc,age_sex,full_panel,8,4,intercept + female + age_per_10_years + iPD,EPG5,Fewer than five independent donors in an arm,,,,,,,,,,
DA_minus_other_neurons,rna_qc,age_sex,full_panel,8,4,intercept + female + age_per_10_years + iPD,GABARAPL1,Fewer than five independent donors in an arm,,,,,,,,,,
DA_minus_other_neurons,rna_qc,age_sex,full_panel,8,4,intercept + female + age_per_10_years + iPD,GABARAPL2,Fewer than five independent donors in an arm,,,,,,,,,,
DA_minus_other_neurons,rna_qc,age_sex,full_panel,8,4,intercept + female + age_per_10_years + iPD,GRN,Fewer than five independent donors in an arm,,,,,,,,,,
DA_minus_other_neurons,rna_qc,age_sex,full_panel,8,4,intercept + female + age_per_10_years + iPD,LAMP2,Fewer than five independent donors in an arm,,,,,,,,,,
DA_minus_other_neurons,rna_qc,age_sex,full_panel,8,4,intercept + female + age_per_10_years + iPD,MAP1LC3A,Fewer than five independent donors in an arm,,,,,,,,,,
DA_minus_other_neurons,rna_qc,age_sex,full_panel,8,4,intercept + female + age_per_10_years + iPD,MAP1LC3B,Fewer than five independent donors in an arm,,,,,,,,,,
DA_minus_other_neurons,rna_qc,age_sex,full_panel,8,4,intercept + female + age_per_10_years + iPD,NBR1,Fewer than five independent donors in an arm,,,,,,,,,,
DA_minus_other_neurons,rna_qc,age_sex,full_panel,8,4,intercept + female + age_per_10_years + iPD,OPTN,Fewer than five independent donors in an arm,,,,,,,,,,
DA_minus_other_neurons,rna_qc,age_sex,full_panel,8,4,intercept + female + age_per_10_years + iPD,PINK1,Fewer than five independent donors in an arm,,,,,,,,,,
DA_minus_other_neurons,rna_qc,age_sex,full_panel,8,4,intercept + female + age_per_10_years + iPD,PRKN,Fewer than five independent donors in an arm,,,,,,,,,,
DA_minus_other_neurons,rna_qc,age_sex,full_panel,8,4,intercept + female + age_per_10_years + iPD,RB1CC1,Fewer than five independent donors in an arm,,,,,,,,,,
DA_minus_other_neurons,rna_qc,age_sex,full_panel,8,4,intercept + female + age_per_10_years + iPD,SNX14,Fewer than five independent donors in an arm,,,,,,,,,,
DA_minus_other_neurons,rna_qc,age_sex,full_panel,8,4,intercept + female + age_per_10_years + iPD,SNX30,Fewer than five independent donors in an arm,,,,,,,,,,
DA_minus_other_neurons,rna_qc,age_sex,full_panel,8,4,intercept + female + age_per_10_years + iPD,SNX4,Fewer than five independent donors in an arm,,,,,,,,,,
DA_minus_other_neurons,rna_qc,age_sex,full_panel,8,4,intercept + female + age_per_10_years + iPD,SQSTM1,Fewer than five independent donors in an arm,,,,,,,,,,
DA_minus_other_neurons,rna_qc,age_sex,full_panel,8,4,intercept + female + age_per_10_years + iPD,TOLLIP,Fewer than five independent donors in an arm,,,,,,,,,,
DA_minus_other_neurons,rna_qc,age_sex,full_panel,8,4,intercept + female + age_per_10_years + iPD,WDR45,Fewer than five independent donors in an arm,,,,,,,,,,
DA_minus_other_neurons,rna_qc,age_sex,full_panel,8,4,intercept + female + age_per_10_years + iPD,WIPI2,Fewer than five independent donors in an arm,,,,,,,,,,
DA_minus_other_neurons,rna_qc,age_sex,full_panel,7,4,intercept + female + age_per_10_years + iPD,PIK3R4,Fewer than five independent donors in an arm,,,,,,,,,,
DA_minus_other_neurons,rna_qc,age_sex,full_panel,6,4,intercept + female + age_per_10_years + iPD,SPG11,Fewer than five independent donors in an arm,,,,,,,,,,
DA_minus_other_neurons,rna_qc,age_sex,full_panel,6,4,intercept + female + age_per_10_years + iPD,UVRAG,Fewer than five independent donors in an arm,,,,,,,,,,
DA_minus_other_neurons,rna_qc,age_sex_PMI_RIN,full_panel,7,2,intercept + female + age_per_10_years + PMI_per_10_hours + RIN + iPD,ATG101,Fewer than five independent donors in an arm,,,,,,,,,,
DA_minus_other_neurons,rna_qc,age_sex_PMI_RIN,full_panel,8,3,intercept + female + age_per_10_years + PMI_per_10_hours + RIN + iPD,ATG12,Fewer than five independent donors in an arm,,,,,,,,,,
DA_minus_other_neurons,rna_qc,age_sex_PMI_RIN,full_panel,8,3,intercept + female + age_per_10_years + PMI_per_10_hours + RIN + iPD,ATG13,Fewer than five independent donors in an arm,,,,,,,,,,
DA_minus_other_neurons,rna_qc,age_sex_PMI_RIN,full_panel,8,3,intercept + female + age_per_10_years + PMI_per_10_hours + RIN + iPD,ATG2B,Fewer than five independent donors in an arm,,,,,,,,,,
DA_minus_other_neurons,rna_qc,age_sex_PMI_RIN,full_panel,7,4,intercept + female + age_per_10_years + PMI_per_10_hours + RIN + iPD,ATG16L1,Fewer than five independent donors in an arm,,,,,,,,,,
DA_minus_other_neurons,rna_qc,age_sex_PMI_RIN,full_panel,8,4,intercept + female + age_per_10_years + PMI_per_10_hours + RIN + iPD,ATG3,Fewer than five independent donors in an arm,,,,,,,,,,
DA_minus_other_neurons,rna_qc,age_sex_PMI_RIN,full_panel,8,4,intercept + female + age_per_10_years + PMI_per_10_hours + RIN + iPD,ATG4B,Fewer than five independent donors in an arm,,,,,,,,,,
DA_minus_other_neurons,rna_qc,age_sex_PMI_RIN,full_panel,8,4,intercept + female + age_per_10_years + PMI_per_10_hours + RIN + iPD,ATG5,Fewer than five independent donors in an arm,,,,,,,,,,
DA_minus_other_neurons,rna_qc,age_sex_PMI_RIN,full_panel,8,4,intercept + female + age_per_10_years + PMI_per_10_hours + RIN + iPD,ATG7,Fewer than five independent donors in an arm,,,,,,,,,,
DA_minus_other_neurons,rna_qc,age_sex_PMI_RIN,full_panel,8,4,intercept + female + age_per_10_years + PMI_per_10_hours + RIN + iPD,BECN1,Fewer than five independent donors in an arm,,,,,,,,,,
DA_minus_other_neurons,rna_qc,age_sex_PMI_RIN,full_panel,8,4,intercept + female + age_per_10_years + PMI_per_10_hours + RIN + iPD,CLEC16A,Fewer than five independent donors in an arm,,,,,,,,,,
DA_minus_other_neurons,rna_qc,age_sex_PMI_RIN,full_panel,8,4,intercept + female + age_per_10_years + PMI_per_10_hours + RIN + iPD,EPG5,Fewer than five independent donors in an arm,,,,,,,,,,
DA_minus_other_neurons,rna_qc,age_sex_PMI_RIN,full_panel,8,4,intercept + female + age_per_10_years + PMI_per_10_hours + RIN + iPD,GABARAPL1,Fewer than five independent donors in an arm,,,,,,,,,,
DA_minus_other_neurons,rna_qc,age_sex_PMI_RIN,full_panel,8,4,intercept + female + age_per_10_years + PMI_per_10_hours + RIN + iPD,GABARAPL2,Fewer than five independent donors in an arm,,,,,,,,,,
DA_minus_other_neurons,rna_qc,age_sex_PMI_RIN,full_panel,8,4,intercept + female + age_per_10_years + PMI_per_10_hours + RIN + iPD,GRN,Fewer than five independent donors in an arm,,,,,,,,,,
DA_minus_other_neurons,rna_qc,age_sex_PMI_RIN,full_panel,8,4,intercept + female + age_per_10_years + PMI_per_10_hours + RIN + iPD,LAMP2,Fewer than five independent donors in an arm,,,,,,,,,,
DA_minus_other_neurons,rna_qc,age_sex_PMI_RIN,full_panel,8,4,intercept + female + age_per_10_years + PMI_per_10_hours + RIN + iPD,MAP1LC3A,Fewer than five independent donors in an arm,,,,,,,,,,
DA_minus_other_neurons,rna_qc,age_sex_PMI_RIN,full_panel,8,4,intercept + female + age_per_10_years + PMI_per_10_hours + RIN + iPD,MAP1LC3B,Fewer than five independent donors in an arm,,,,,,,,,,
DA_minus_other_neurons,rna_qc,age_sex_PMI_RIN,full_panel,8,4,intercept + female + age_per_10_years + PMI_per_10_hours + RIN + iPD,NBR1,Fewer than five independent donors in an arm,,,,,,,,,,
DA_minus_other_neurons,rna_qc,age_sex_PMI_RIN,full_panel,8,4,intercept + female + age_per_10_years + PMI_per_10_hours + RIN + iPD,OPTN,Fewer than five independent donors in an arm,,,,,,,,,,
DA_minus_other_neurons,rna_qc,age_sex_PMI_RIN,full_panel,8,4,intercept + female + age_per_10_years + PMI_per_10_hours + RIN + iPD,PINK1,Fewer than five independent donors in an arm,,,,,,,,,,
DA_minus_other_neurons,rna_qc,age_sex_PMI_RIN,full_panel,8,4,intercept + female + age_per_10_years + PMI_per_10_hours + RIN + iPD,PRKN,Fewer than five independent donors in an arm,,,,,,,,,,
DA_minus_other_neurons,rna_qc,age_sex_PMI_RIN,full_panel,8,4,intercept + female + age_per_10_years + PMI_per_10_hours + RIN + iPD,RB1CC1,Fewer than five independent donors in an arm,,,,,,,,,,
DA_minus_other_neurons,rna_qc,age_sex_PMI_RIN,full_panel,8,4,intercept + female + age_per_10_years + PMI_per_10_hours + RIN + iPD,SNX14,Fewer than five independent donors in an arm,,,,,,,,,,
DA_minus_other_neurons,rna_qc,age_sex_PMI_RIN,full_panel,8,4,intercept + female + age_per_10_years + PMI_per_10_hours + RIN + iPD,SNX30,Fewer than five independent donors in an arm,,,,,,,,,,
DA_minus_other_neurons,rna_qc,age_sex_PMI_RIN,full_panel,8,4,intercept + female + age_per_10_years + PMI_per_10_hours + RIN + iPD,SNX4,Fewer than five independent donors in an arm,,,,,,,,,,
DA_minus_other_neurons,rna_qc,age_sex_PMI_RIN,full_panel,8,4,intercept + female + age_per_10_years + PMI_per_10_hours + RIN + iPD,SQSTM1,Fewer than five independent donors in an arm,,,,,,,,,,
DA_minus_other_neurons,rna_qc,age_sex_PMI_RIN,full_panel,8,4,intercept + female + age_per_10_years + PMI_per_10_hours + RIN + iPD,TOLLIP,Fewer than five independent donors in an arm,,,,,,,,,,
DA_minus_other_neurons,rna_qc,age_sex_PMI_RIN,full_panel,8,4,intercept + female + age_per_10_years + PMI_per_10_hours + RIN + iPD,WDR45,Fewer than five independent donors in an arm,,,,,,,,,,
DA_minus_other_neurons,rna_qc,age_sex_PMI_RIN,full_panel,8,4,intercept + female + age_per_10_years + PMI_per_10_hours + RIN + iPD,WIPI2,Fewer than five independent donors in an arm,,,,,,,,,,
DA_minus_other_neurons,rna_qc,age_sex_PMI_RIN,full_panel,7,4,intercept + female + age_per_10_years + PMI_per_10_hours + RIN + iPD,PIK3R4,Fewer than five independent donors in an arm,,,,,,,,,,
DA_minus_other_neurons,rna_qc,age_sex_PMI_RIN,full_panel,6,4,intercept + female + age_per_10_years + PMI_per_10_hours + RIN + iPD,SPG11,Fewer than five independent donors in an arm,,,,,,,,,,
DA_minus_other_neurons,rna_qc,age_sex_PMI_RIN,full_panel,6,4,intercept + female + age_per_10_years + PMI_per_10_hours + RIN + iPD,UVRAG,Fewer than five independent donors in an arm,,,,,,,,,,
DA,spearman_qc,age_sex,full_panel,8,3,intercept + female + age_per_10_years + iPD,ATG101,Fewer than five independent donors in an arm,,,,,,,,,,
DA,spearman_qc,age_sex,full_panel,8,4,intercept + female + age_per_10_years + iPD,ATG12,Fewer than five independent donors in an arm,,,,,,,,,,
DA,spearman_qc,age_sex,full_panel,8,4,intercept + female + age_per_10_years + iPD,ATG13,Fewer than five independent donors in an arm,,,,,,,,,,
DA,spearman_qc,age_sex,full_panel,8,4,intercept + female + age_per_10_years + iPD,ATG2B,Fewer than five independent donors in an arm,,,,,,,,,,
DA,spearman_qc,age_sex,full_panel,7,5,intercept + female + age_per_10_years + iPD,ATG16L1,tested,0.0026,-0.13590913451751818,-0.2511118040813385,-0.02070646495369785,0.04995770294321403,-2.7204840597255546,8.0,0.5643762686514016,0.026229068401248896,0.22879999999999998
DA,spearman_qc,age_sex,full_panel,8,5,intercept + female + age_per_10_years + iPD,ATG3,tested,0.81785,-0.015377792319504155,-0.23010893376421138,0.19935334912520308,0.09492317553415414,-0.16200250605787098,9.0,0.5346569700090101,0.8748825964679937,1.0
DA,spearman_qc,age_sex,full_panel,8,5,intercept + female + age_per_10_years + iPD,ATG5,tested,0.0595,0.16121294657432972,-0.05711075523789522,0.37953664838655465,0.0965112881669496,1.6704050856253858,9.0,0.5346569700090101,0.12917692988570467,1.0
DA,spearman_qc,age_sex,full_panel,8,5,intercept + female + age_per_10_years + iPD,BECN1,tested,0.33985,0.0825469611580299,-0.1743533218805874,0.3394472441966472,0.11356429485533115,0.7268742456701374,9.0,0.5346569700090101,0.4857784191737564,1.0
DA,spearman_qc,age_sex,full_panel,8,5,intercept + female + age_per_10_years + iPD,EPG5,tested,0.8553,-0.016745242913660884,-0.2619345841191264,0.22844409829180462,0.10838740351195429,-0.15449436346922005,9.0,0.5346569700090101,0.8806290310248737,1.0
DA,spearman_qc,age_sex,full_panel,8,5,intercept + female + age_per_10_years + iPD,GABARAPL1,tested,0.1675,-0.09866972259648848,-0.2900901958970825,0.09275075070410554,0.08461855632906393,-1.1660530133932148,9.0,0.5346569700090101,0.27356270439966607,1.0
DA,spearman_qc,age_sex,full_panel,8,5,intercept + female + age_per_10_years + iPD,GABARAPL2,tested,0.32915,0.08354627221314753,-0.14132016821609078,0.30841271264238584,0.09940354460464366,0.840475785299558,9.0,0.5346569700090101,0.42240792495826907,1.0
DA,spearman_qc,age_sex,full_panel,8,5,intercept + female + age_per_10_years + iPD,GRN,tested,0.995,0.0003565394814393438,-0.18775583600088722,0.18846891496376592,0.08315619205448845,0.004287587882880926,9.0,0.5346569700090101,0.9966725437809472,1.0
DA,spearman_qc,age_sex,full_panel,8,5,intercept + female + age_per_10_years + iPD,LAMP2,tested,0.6042,0.05713912412352242,-0.26344121444640844,0.37771946269345325,0.14171444135273642,0.4031990217658865,9.0,0.5346569700090101,0.6962124016084064,1.0
DA,spearman_qc,age_sex,full_panel,8,5,intercept + female + age_per_10_years + iPD,MAP1LC3A,tested,0.5575,-0.06466605161190656,-0.37169610986953505,0.2423640066457219,0.13572445951792708,-0.47645097900253697,9.0,0.5346569700090101,0.6451075683230153,1.0
DA,spearman_qc,age_sex,full_panel,8,5,intercept + female + age_per_10_years + iPD,MAP1LC3B,tested,0.31905,-0.07936232228593296,-0.29851363258018004,0.1397889880083141,0.09687713740839635,-0.8192058973767181,9.0,0.5346569700090101,0.4338252440771674,1.0
DA,spearman_qc,age_sex,full_panel,8,5,intercept + female + age_per_10_years + iPD,NBR1,tested,0.69935,-0.019124275852399817,-0.18413435819748425,0.14588580649268462,0.0729436862579196,-0.2621786316745607,9.0,0.5346569700090101,0.7990859139005813,1.0
DA,spearman_qc,age_sex,full_panel,8,5,intercept + female + age_per_10_years + iPD,OPTN,tested,0.90375,0.0072349807365430134,-0.1311235672321035,0.14559352870518955,0.0611622173063349,0.11829166853624921,9.0,0.5346569700090101,0.9084346286758549,1.0
DA,spearman_qc,age_sex,full_panel,8,5,intercept + female + age_per_10_years + iPD,PINK1,tested,0.19505,0.11123623695647807,-0.11281870715833463,0.33529118107129074,0.09904481784251086,1.1230899241326542,9.0,0.5346569700090101,0.29046412768148483,1.0
DA,spearman_qc,age_sex,full_panel,8,5,intercept + female + age_per_10_years + iPD,RB1CC1,tested,0.7186,-0.02138789033672722,-0.17218796673754552,0.12941218606409108,0.06666206879193934,-0.32084048281611993,9.0,0.5346569700090101,0.7556560066087503,1.0
DA,spearman_qc,age_sex,full_panel,8,5,intercept + female + age_per_10_years + iPD,SNX14,tested,0.37875,-0.07959019496932916,-0.2716532341099266,0.11247284417126825,0.08490260637235306,-0.937429348402739,9.0,0.5346569700090101,0.3730103476488019,1.0
DA,spearman_qc,age_sex,full_panel,8,5,intercept + female + age_per_10_years + iPD,SNX4,tested,0.41175,-0.05521296135612478,-0.23298065527397613,0.12255473256172658,0.07858326417182053,-0.7026045804791576,9.0,0.5346569700090101,0.5000698570721616,1.0
DA,spearman_qc,age_sex,full_panel,8,5,intercept + female + age_per_10_years + iPD,SQSTM1,tested,0.54915,0.06167302280479808,-0.2310656321949885,0.35441167780458466,0.12940685988637654,0.47658233001673184,9.0,0.5346569700090101,0.6450175713015751,1.0
DA,spearman_qc,age_sex,full_panel,8,5,intercept + female + age_per_10_years + iPD,TOLLIP,tested,0.27595,-0.07730641500976375,-0.2612376540970271,0.10662482407749961,0.08130789589543774,-0.9507860725996413,9.0,0.5346569700090101,0.36654580133249914,1.0
DA,spearman_qc,age_sex,full_panel,8,5,intercept + female + age_per_10_years + iPD,WDR45,tested,0.0791,-0.10805081136202145,-0.2641088319418909,0.048007209217848,0.06898637422290252,-1.5662630857058448,9.0,0.5346569700090101,0.15172878593957004,1.0
DA,spearman_qc,age_sex,full_panel,8,5,intercept + female + age_per_10_years + iPD,WIPI2,tested,0.76745,0.054767832008811274,-0.4058955967440595,0.5154312607616821,0.20363900278029226,0.2689456894851362,9.0,0.5346569700090101,0.7940352241476919,1.0
DA,spearman_qc,age_sex,full_panel,8,4,intercept + female + age_per_10_years + iPD,ATG4B,Fewer than five independent donors in an arm,,,,,,,,,,
DA,spearman_qc,age_sex,full_panel,8,4,intercept + female + age_per_10_years + iPD,ATG7,Fewer than five independent donors in an arm,,,,,,,,,,
DA,spearman_qc,age_sex,full_panel,8,4,intercept + female + age_per_10_years + iPD,CLEC16A,Fewer than five independent donors in an arm,,,,,,,,,,
DA,spearman_qc,age_sex,full_panel,8,4,intercept + female + age_per_10_years + iPD,PRKN,Fewer than five independent donors in an arm,,,,,,,,,,
DA,spearman_qc,age_sex,full_panel,8,4,intercept + female + age_per_10_years + iPD,SNX30,Fewer than five independent donors in an arm,,,,,,,,,,
DA,spearman_qc,age_sex,full_panel,7,4,intercept + female + age_per_10_years + iPD,PIK3R4,Fewer than five independent donors in an arm,,,,,,,,,,
DA,spearman_qc,age_sex,full_panel,6,5,intercept + female + age_per_10_years + iPD,SPG11,tested,0.8145,-0.026510496017694996,-0.3285710202912962,0.2755500282559062,0.1277414473544979,-0.2075324537706636,7.0,0.5749618546045184,0.8415024966628374,1.0
DA,spearman_qc,age_sex,full_panel,6,5,intercept + female + age_per_10_years + iPD,UVRAG,tested,0.10115,0.12619138502442223,-0.10137170027251949,0.353754470321364,0.09623646767545165,1.3112636828067163,7.0,0.5832537568477663,0.23114085230282144,1.0
DA,spearman_qc,age_sex_PMI_RIN,full_panel,8,3,intercept + female + age_per_10_years + PMI_per_10_hours + RIN + iPD,ATG101,Fewer than five independent donors in an arm,,,,,,,,,,
DA,spearman_qc,age_sex_PMI_RIN,full_panel,8,4,intercept + female + age_per_10_years + PMI_per_10_hours + RIN + iPD,ATG12,Fewer than five independent donors in an arm,,,,,,,,,,
DA,spearman_qc,age_sex_PMI_RIN,full_panel,8,4,intercept + female + age_per_10_years + PMI_per_10_hours + RIN + iPD,ATG13,Fewer than five independent donors in an arm,,,,,,,,,,
DA,spearman_qc,age_sex_PMI_RIN,full_panel,8,4,intercept + female + age_per_10_years + PMI_per_10_hours + RIN + iPD,ATG2B,Fewer than five independent donors in an arm,,,,,,,,,,
DA,spearman_qc,age_sex_PMI_RIN,full_panel,7,5,intercept + female + age_per_10_years + PMI_per_10_hours + RIN + iPD,ATG16L1,tested,0.0004,-0.15891170288147663,-0.23394586616588725,-0.08387753959706602,0.030664841204419986,-5.18221183087592,6.0,0.782109931235265,0.0020499278034383428,0.1056
DA,spearman_qc,age_sex_PMI_RIN,full_panel,8,5,intercept + female + age_per_10_years + PMI_per_10_hours + RIN + iPD,ATG3,tested,0.1325,-0.08971791364574626,-0.3296445483084454,0.15020872101695287,0.10146501481585884,-0.8842251076252094,7.0,0.7578117113691232,0.4059190718434789,1.0
DA,spearman_qc,age_sex_PMI_RIN,full_panel,8,5,intercept + female + age_per_10_years + PMI_per_10_hours + RIN + iPD,ATG5,tested,0.06845,0.24661825044216196,-0.16979700734918224,0.6630335082335062,0.1761020837088296,1.400427781706008,7.0,0.7578117113691232,0.20411836143177062,1.0
DA,spearman_qc,age_sex_PMI_RIN,full_panel,8,5,intercept + female + age_per_10_years + PMI_per_10_hours + RIN + iPD,BECN1,tested,0.73225,0.08254239274160165,-0.5702893188115564,0.7353741042947598,0.27608264242161606,0.29897711792959475,7.0,0.7578117113691232,0.7736385455217791,1.0
DA,spearman_qc,age_sex_PMI_RIN,full_panel,8,5,intercept + female + age_per_10_years + PMI_per_10_hours + RIN + iPD,EPG5,tested,0.6339,-0.035928930289908505,-0.3066182360365599,0.2347603754567429,0.114474553676339,-0.31385953590605464,7.0,0.7578117113691232,0.762774177182275,1.0
DA,spearman_qc,age_sex_PMI_RIN,full_panel,8,5,intercept + female + age_per_10_years + PMI_per_10_hours + RIN + iPD,GABARAPL1,tested,0.0133,-0.28302840639587673,-0.5890321787832418,0.022975365991488306,0.1294090476559323,-2.187083604450761,7.0,0.7578117113691232,0.06495783903054647,0.8183999999999999
DA,spearman_qc,age_sex_PMI_RIN,full_panel,8,5,intercept + female + age_per_10_years + PMI_per_10_hours + RIN + iPD,GABARAPL2,tested,0.14235,0.24228202881960426,-0.22666395643029102,0.7112280140694995,0.19831733733151702,1.221688593038105,7.0,0.7578117113691232,0.2613670264434953,1.0
DA,spearman_qc,age_sex_PMI_RIN,full_panel,8,5,intercept + female + age_per_10_years + PMI_per_10_hours + RIN + iPD,GRN,tested,0.7727,0.035531437872402004,-0.3226751154711064,0.39373799121591035,0.15148561264668692,0.23455321763970235,7.0,0.7578117113691232,0.8212685134874286,1.0
DA,spearman_qc,age_sex_PMI_RIN,full_panel,8,5,intercept + female + age_per_10_years + PMI_per_10_hours + RIN + iPD,LAMP2,tested,0.9783,-0.004106554217430964,-0.5725238407336491,0.5643107322987871,0.24038376764230454,-0.017083325790706434,7.0,0.7578117113691232,0.9868468623966902,1.0
DA,spearman_qc,age_sex_PMI_RIN,full_panel,8,5,intercept + female + age_per_10_years + PMI_per_10_hours + RIN + iPD,MAP1LC3A,tested,0.5029,-0.11831986193133279,-0.6362593563127794,0.3996196324501138,0.219036700719006,-0.5401828165916401,7.0,0.7578117113691232,0.605822085172816,1.0
DA,spearman_qc,age_sex_PMI_RIN,full_panel,8,5,intercept + female + age_per_10_years + PMI_per_10_hours + RIN + iPD,MAP1LC3B,tested,0.67955,-0.06143953840089313,-0.528758060673777,0.40587898387199073,0.1976290829603136,-0.3108830819866273,7.0,0.7578117113691232,0.7649425406557463,1.0
DA,spearman_qc,age_sex_PMI_RIN,full_panel,8,5,intercept + female + age_per_10_years + PMI_per_10_hours + RIN + iPD,NBR1,tested,0.00155,-0.11747698418842062,-0.32762783509822346,0.09267386672138223,0.088872830776397,-1.321854870179519,7.0,0.7578117113691232,0.22777495723377508,0.20459999999999998
DA,spearman_qc,age_sex_PMI_RIN,full_panel,8,5,intercept + female + age_per_10_years + PMI_per_10_hours + RIN + iPD,OPTN,tested,0.6525,-0.03573966669894642,-0.289402479133661,0.2179231457357682,0.10727404674393223,-0.3331622865338393,7.0,0.7578117113691232,0.748768215308795,1.0
DA,spearman_qc,age_sex_PMI_RIN,full_panel,8,5,intercept + female + age_per_10_years + PMI_per_10_hours + RIN + iPD,PINK1,tested,0.59335,0.07013066549865674,-0.5099830094345897,0.6502443404319033,0.24533017230343873,0.28586237412296367,7.0,0.7578117113691232,0.7832578942853035,1.0
DA,spearman_qc,age_sex_PMI_RIN,full_panel,8,5,intercept + female + age_per_10_years + PMI_per_10_hours + RIN + iPD,RB1CC1,tested,0.8286,-0.04028674695784993,-0.494194979720102,0.4136214858044021,0.19195786923369207,-0.20987285969925154,7.0,0.7578117113691232,0.8397445882645357,1.0
DA,spearman_qc,age_sex_PMI_RIN,full_panel,8,5,intercept + female + age_per_10_years + PMI_per_10_hours + RIN + iPD,SNX14,tested,0.3437,-0.07367898405910261,-0.36063466117287185,0.21327669305466662,0.12135360490833408,-0.6071429366664215,7.0,0.7578117113691232,0.5629237278541324,1.0
DA,spearman_qc,age_sex_PMI_RIN,full_panel,8,5,intercept + female + age_per_10_years + PMI_per_10_hours + RIN + iPD,SNX4,tested,0.24955,-0.1498002162722687,-0.49038219772959835,0.19078176518506096,0.14403217818298786,-1.0400468712064657,7.0,0.7578117113691232,0.33290214357660647,1.0
DA,spearman_qc,age_sex_PMI_RIN,full_panel,8,5,intercept + female + age_per_10_years + PMI_per_10_hours + RIN + iPD,SQSTM1,tested,0.84975,0.04387716965054859,-0.6185420029366085,0.7062963422377057,0.28013718133193244,0.1566274403202439,7.0,0.7578117113691232,0.879960142066355,1.0
DA,spearman_qc,age_sex_PMI_RIN,full_panel,8,5,intercept + female + age_per_10_years + PMI_per_10_hours + RIN + iPD,TOLLIP,tested,0.90165,0.013478986467281386,-0.33444072132349023,0.36139869425805304,0.14713530390383206,0.09160946495948571,7.0,0.7578117113691232,0.92957483274085,1.0
DA,spearman_qc,age_sex_PMI_RIN,full_panel,8,5,intercept + female + age_per_10_years + PMI_per_10_hours + RIN + iPD,WDR45,tested,0.12165,-0.19036242987580324,-0.49887721815967045,0.11815235840806396,0.1304709567078374,-1.459040653025028,7.0,0.7578117113691232,0.1879201738144813,1.0
DA,spearman_qc,age_sex_PMI_RIN,full_panel,8,5,intercept + female + age_per_10_years + PMI_per_10_hours + RIN + iPD,WIPI2,tested,0.36835,0.21547908345408484,-0.4590412271040085,0.8899993940121782,0.28525475464860883,0.7553917329775023,7.0,0.7578117113691232,0.4746589576104383,1.0
DA,spearman_qc,age_sex_PMI_RIN,full_panel,8,4,intercept + female + age_per_10_years + PMI_per_10_hours + RIN + iPD,ATG4B,Fewer than five independent donors in an arm,,,,,,,,,,
DA,spearman_qc,age_sex_PMI_RIN,full_panel,8,4,intercept + female + age_per_10_years + PMI_per_10_hours + RIN + iPD,ATG7,Fewer than five independent donors in an arm,,,,,,,,,,
DA,spearman_qc,age_sex_PMI_RIN,full_panel,8,4,intercept + female + age_per_10_years + PMI_per_10_hours + RIN + iPD,CLEC16A,Fewer than five independent donors in an arm,,,,,,,,,,
DA,spearman_qc,age_sex_PMI_RIN,full_panel,8,4,intercept + female + age_per_10_years + PMI_per_10_hours + RIN + iPD,PRKN,Fewer than five independent donors in an arm,,,,,,,,,,
DA,spearman_qc,age_sex_PMI_RIN,full_panel,8,4,intercept + female + age_per_10_years + PMI_per_10_hours + RIN + iPD,SNX30,Fewer than five independent donors in an arm,,,,,,,,,,
DA,spearman_qc,age_sex_PMI_RIN,full_panel,7,4,intercept + female + age_per_10_years + PMI_per_10_hours + RIN + iPD,PIK3R4,Fewer than five independent donors in an arm,,,,,,,,,,
DA,spearman_qc,age_sex_PMI_RIN,full_panel,6,5,intercept + female + age_per_10_years + PMI_per_10_hours + RIN + iPD,SPG11,tested,0.94895,-0.016572633422638455,-0.8397334278467663,0.8065881610014893,0.32022353176982216,-0.051753327842723705,5.0,0.8472414385652816,0.9607292154354425,1.0
DA,spearman_qc,age_sex_PMI_RIN,full_panel,6,5,intercept + female + age_per_10_years + PMI_per_10_hours + RIN + iPD,UVRAG,tested,0.45855,0.12427812210798081,-0.5453140207857162,0.7938702650016779,0.26048271770857095,0.47710697738889396,5.0,0.8478364715646693,0.6534102251762895,1.0
DA_minus_other_neurons,spearman_qc,age_sex,full_panel,7,2,intercept + female + age_per_10_years + iPD,ATG101,Fewer than five independent donors in an arm,,,,,,,,,,
DA_minus_other_neurons,spearman_qc,age_sex,full_panel,8,3,intercept + female + age_per_10_years + iPD,ATG12,Fewer than five independent donors in an arm,,,,,,,,,,
DA_minus_other_neurons,spearman_qc,age_sex,full_panel,8,3,intercept + female + age_per_10_years + iPD,ATG13,Fewer than five independent donors in an arm,,,,,,,,,,
DA_minus_other_neurons,spearman_qc,age_sex,full_panel,8,3,intercept + female + age_per_10_years + iPD,ATG2B,Fewer than five independent donors in an arm,,,,,,,,,,
DA_minus_other_neurons,spearman_qc,age_sex,full_panel,7,4,intercept + female + age_per_10_years + iPD,ATG16L1,Fewer than five independent donors in an arm,,,,,,,,,,
DA_minus_other_neurons,spearman_qc,age_sex,full_panel,8,4,intercept + female + age_per_10_years + iPD,ATG3,Fewer than five independent donors in an arm,,,,,,,,,,
DA_minus_other_neurons,spearman_qc,age_sex,full_panel,8,4,intercept + female + age_per_10_years + iPD,ATG4B,Fewer than five independent donors in an arm,,,,,,,,,,
DA_minus_other_neurons,spearman_qc,age_sex,full_panel,8,4,intercept + female + age_per_10_years + iPD,ATG5,Fewer than five independent donors in an arm,,,,,,,,,,
DA_minus_other_neurons,spearman_qc,age_sex,full_panel,8,4,intercept + female + age_per_10_years + iPD,ATG7,Fewer than five independent donors in an arm,,,,,,,,,,
DA_minus_other_neurons,spearman_qc,age_sex,full_panel,8,4,intercept + female + age_per_10_years + iPD,BECN1,Fewer than five independent donors in an arm,,,,,,,,,,
DA_minus_other_neurons,spearman_qc,age_sex,full_panel,8,4,intercept + female + age_per_10_years + iPD,CLEC16A,Fewer than five independent donors in an arm,,,,,,,,,,
DA_minus_other_neurons,spearman_qc,age_sex,full_panel,8,4,intercept + female + age_per_10_years + iPD,EPG5,Fewer than five independent donors in an arm,,,,,,,,,,
DA_minus_other_neurons,spearman_qc,age_sex,full_panel,8,4,intercept + female + age_per_10_years + iPD,GABARAPL1,Fewer than five independent donors in an arm,,,,,,,,,,
DA_minus_other_neurons,spearman_qc,age_sex,full_panel,8,4,intercept + female + age_per_10_years + iPD,GABARAPL2,Fewer than five independent donors in an arm,,,,,,,,,,
DA_minus_other_neurons,spearman_qc,age_sex,full_panel,8,4,intercept + female + age_per_10_years + iPD,GRN,Fewer than five independent donors in an arm,,,,,,,,,,
DA_minus_other_neurons,spearman_qc,age_sex,full_panel,8,4,intercept + female + age_per_10_years + iPD,LAMP2,Fewer than five independent donors in an arm,,,,,,,,,,
DA_minus_other_neurons,spearman_qc,age_sex,full_panel,8,4,intercept + female + age_per_10_years + iPD,MAP1LC3A,Fewer than five independent donors in an arm,,,,,,,,,,
DA_minus_other_neurons,spearman_qc,age_sex,full_panel,8,4,intercept + female + age_per_10_years + iPD,MAP1LC3B,Fewer than five independent donors in an arm,,,,,,,,,,
DA_minus_other_neurons,spearman_qc,age_sex,full_panel,8,4,intercept + female + age_per_10_years + iPD,NBR1,Fewer than five independent donors in an arm,,,,,,,,,,
DA_minus_other_neurons,spearman_qc,age_sex,full_panel,8,4,intercept + female + age_per_10_years + iPD,OPTN,Fewer than five independent donors in an arm,,,,,,,,,,
DA_minus_other_neurons,spearman_qc,age_sex,full_panel,8,4,intercept + female + age_per_10_years + iPD,PINK1,Fewer than five independent donors in an arm,,,,,,,,,,
DA_minus_other_neurons,spearman_qc,age_sex,full_panel,8,4,intercept + female + age_per_10_years + iPD,PRKN,Fewer than five independent donors in an arm,,,,,,,,,,
DA_minus_other_neurons,spearman_qc,age_sex,full_panel,8,4,intercept + female + age_per_10_years + iPD,RB1CC1,Fewer than five independent donors in an arm,,,,,,,,,,
DA_minus_other_neurons,spearman_qc,age_sex,full_panel,8,4,intercept + female + age_per_10_years + iPD,SNX14,Fewer than five independent donors in an arm,,,,,,,,,,
DA_minus_other_neurons,spearman_qc,age_sex,full_panel,8,4,intercept + female + age_per_10_years + iPD,SNX30,Fewer than five independent donors in an arm,,,,,,,,,,
DA_minus_other_neurons,spearman_qc,age_sex,full_panel,8,4,intercept + female + age_per_10_years + iPD,SNX4,Fewer than five independent donors in an arm,,,,,,,,,,
DA_minus_other_neurons,spearman_qc,age_sex,full_panel,8,4,intercept + female + age_per_10_years + iPD,SQSTM1,Fewer than five independent donors in an arm,,,,,,,,,,
DA_minus_other_neurons,spearman_qc,age_sex,full_panel,8,4,intercept + female + age_per_10_years + iPD,TOLLIP,Fewer than five independent donors in an arm,,,,,,,,,,
DA_minus_other_neurons,spearman_qc,age_sex,full_panel,8,4,intercept + female + age_per_10_years + iPD,WDR45,Fewer than five independent donors in an arm,,,,,,,,,,
DA_minus_other_neurons,spearman_qc,age_sex,full_panel,8,4,intercept + female + age_per_10_years + iPD,WIPI2,Fewer than five independent donors in an arm,,,,,,,,,,
DA_minus_other_neurons,spearman_qc,age_sex,full_panel,7,4,intercept + female + age_per_10_years + iPD,PIK3R4,Fewer than five independent donors in an arm,,,,,,,,,,
DA_minus_other_neurons,spearman_qc,age_sex,full_panel,6,4,intercept + female + age_per_10_years + iPD,SPG11,Fewer than five independent donors in an arm,,,,,,,,,,
DA_minus_other_neurons,spearman_qc,age_sex,full_panel,6,4,intercept + female + age_per_10_years + iPD,UVRAG,Fewer than five independent donors in an arm,,,,,,,,,,
DA_minus_other_neurons,spearman_qc,age_sex_PMI_RIN,full_panel,7,2,intercept + female + age_per_10_years + PMI_per_10_hours + RIN + iPD,ATG101,Fewer than five independent donors in an arm,,,,,,,,,,
DA_minus_other_neurons,spearman_qc,age_sex_PMI_RIN,full_panel,8,3,intercept + female + age_per_10_years + PMI_per_10_hours + RIN + iPD,ATG12,Fewer than five independent donors in an arm,,,,,,,,,,
DA_minus_other_neurons,spearman_qc,age_sex_PMI_RIN,full_panel,8,3,intercept + female + age_per_10_years + PMI_per_10_hours + RIN + iPD,ATG13,Fewer than five independent donors in an arm,,,,,,,,,,
DA_minus_other_neurons,spearman_qc,age_sex_PMI_RIN,full_panel,8,3,intercept + female + age_per_10_years + PMI_per_10_hours + RIN + iPD,ATG2B,Fewer than five independent donors in an arm,,,,,,,,,,
DA_minus_other_neurons,spearman_qc,age_sex_PMI_RIN,full_panel,7,4,intercept + female + age_per_10_years + PMI_per_10_hours + RIN + iPD,ATG16L1,Fewer than five independent donors in an arm,,,,,,,,,,
DA_minus_other_neurons,spearman_qc,age_sex_PMI_RIN,full_panel,8,4,intercept + female + age_per_10_years + PMI_per_10_hours + RIN + iPD,ATG3,Fewer than five independent donors in an arm,,,,,,,,,,
DA_minus_other_neurons,spearman_qc,age_sex_PMI_RIN,full_panel,8,4,intercept + female + age_per_10_years + PMI_per_10_hours + RIN + iPD,ATG4B,Fewer than five independent donors in an arm,,,,,,,,,,
DA_minus_other_neurons,spearman_qc,age_sex_PMI_RIN,full_panel,8,4,intercept + female + age_per_10_years + PMI_per_10_hours + RIN + iPD,ATG5,Fewer than five independent donors in an arm,,,,,,,,,,
DA_minus_other_neurons,spearman_qc,age_sex_PMI_RIN,full_panel,8,4,intercept + female + age_per_10_years + PMI_per_10_hours + RIN + iPD,ATG7,Fewer than five independent donors in an arm,,,,,,,,,,
DA_minus_other_neurons,spearman_qc,age_sex_PMI_RIN,full_panel,8,4,intercept + female + age_per_10_years + PMI_per_10_hours + RIN + iPD,BECN1,Fewer than five independent donors in an arm,,,,,,,,,,
DA_minus_other_neurons,spearman_qc,age_sex_PMI_RIN,full_panel,8,4,intercept + female + age_per_10_years + PMI_per_10_hours + RIN + iPD,CLEC16A,Fewer than five independent donors in an arm,,,,,,,,,,
DA_minus_other_neurons,spearman_qc,age_sex_PMI_RIN,full_panel,8,4,intercept + female + age_per_10_years + PMI_per_10_hours + RIN + iPD,EPG5,Fewer than five independent donors in an arm,,,,,,,,,,
DA_minus_other_neurons,spearman_qc,age_sex_PMI_RIN,full_panel,8,4,intercept + female + age_per_10_years + PMI_per_10_hours + RIN + iPD,GABARAPL1,Fewer than five independent donors in an arm,,,,,,,,,,
DA_minus_other_neurons,spearman_qc,age_sex_PMI_RIN,full_panel,8,4,intercept + female + age_per_10_years + PMI_per_10_hours + RIN + iPD,GABARAPL2,Fewer than five independent donors in an arm,,,,,,,,,,
DA_minus_other_neurons,spearman_qc,age_sex_PMI_RIN,full_panel,8,4,intercept + female + age_per_10_years + PMI_per_10_hours + RIN + iPD,GRN,Fewer than five independent donors in an arm,,,,,,,,,,
DA_minus_other_neurons,spearman_qc,age_sex_PMI_RIN,full_panel,8,4,intercept + female + age_per_10_years + PMI_per_10_hours + RIN + iPD,LAMP2,Fewer than five independent donors in an arm,,,,,,,,,,
DA_minus_other_neurons,spearman_qc,age_sex_PMI_RIN,full_panel,8,4,intercept + female + age_per_10_years + PMI_per_10_hours + RIN + iPD,MAP1LC3A,Fewer than five independent donors in an arm,,,,,,,,,,
DA_minus_other_neurons,spearman_qc,age_sex_PMI_RIN,full_panel,8,4,intercept + female + age_per_10_years + PMI_per_10_hours + RIN + iPD,MAP1LC3B,Fewer than five independent donors in an arm,,,,,,,,,,
DA_minus_other_neurons,spearman_qc,age_sex_PMI_RIN,full_panel,8,4,intercept + female + age_per_10_years + PMI_per_10_hours + RIN + iPD,NBR1,Fewer than five independent donors in an arm,,,,,,,,,,
DA_minus_other_neurons,spearman_qc,age_sex_PMI_RIN,full_panel,8,4,intercept + female + age_per_10_years + PMI_per_10_hours + RIN + iPD,OPTN,Fewer than five independent donors in an arm,,,,,,,,,,
DA_minus_other_neurons,spearman_qc,age_sex_PMI_RIN,full_panel,8,4,intercept + female + age_per_10_years + PMI_per_10_hours + RIN + iPD,PINK1,Fewer than five independent donors in an arm,,,,,,,,,,
DA_minus_other_neurons,spearman_qc,age_sex_PMI_RIN,full_panel,8,4,intercept + female + age_per_10_years + PMI_per_10_hours + RIN + iPD,PRKN,Fewer than five independent donors in an arm,,,,,,,,,,
DA_minus_other_neurons,spearman_qc,age_sex_PMI_RIN,full_panel,8,4,intercept + female + age_per_10_years + PMI_per_10_hours + RIN + iPD,RB1CC1,Fewer than five independent donors in an arm,,,,,,,,,,
DA_minus_other_neurons,spearman_qc,age_sex_PMI_RIN,full_panel,8,4,intercept + female + age_per_10_years + PMI_per_10_hours + RIN + iPD,SNX14,Fewer than five independent donors in an arm,,,,,,,,,,
DA_minus_other_neurons,spearman_qc,age_sex_PMI_RIN,full_panel,8,4,intercept + female + age_per_10_years + PMI_per_10_hours + RIN + iPD,SNX30,Fewer than five independent donors in an arm,,,,,,,,,,
DA_minus_other_neurons,spearman_qc,age_sex_PMI_RIN,full_panel,8,4,intercept + female + age_per_10_years + PMI_per_10_hours + RIN + iPD,SNX4,Fewer than five independent donors in an arm,,,,,,,,,,
DA_minus_other_neurons,spearman_qc,age_sex_PMI_RIN,full_panel,8,4,intercept + female + age_per_10_years + PMI_per_10_hours + RIN + iPD,SQSTM1,Fewer than five independent donors in an arm,,,,,,,,,,
DA_minus_other_neurons,spearman_qc,age_sex_PMI_RIN,full_panel,8,4,intercept + female + age_per_10_years + PMI_per_10_hours + RIN + iPD,TOLLIP,Fewer than five independent donors in an arm,,,,,,,,,,
DA_minus_other_neurons,spearman_qc,age_sex_PMI_RIN,full_panel,8,4,intercept + female + age_per_10_years + PMI_per_10_hours + RIN + iPD,WDR45,Fewer than five independent donors in an arm,,,,,,,,,,
DA_minus_other_neurons,spearman_qc,age_sex_PMI_RIN,full_panel,8,4,intercept + female + age_per_10_years + PMI_per_10_hours + RIN + iPD,WIPI2,Fewer than five independent donors in an arm,,,,,,,,,,
DA_minus_other_neurons,spearman_qc,age_sex_PMI_RIN,full_panel,7,4,intercept + female + age_per_10_years + PMI_per_10_hours + RIN + iPD,PIK3R4,Fewer than five independent donors in an arm,,,,,,,,,,
DA_minus_other_neurons,spearman_qc,age_sex_PMI_RIN,full_panel,6,4,intercept + female + age_per_10_years + PMI_per_10_hours + RIN + iPD,SPG11,Fewer than five independent donors in an arm,,,,,,,,,,
DA_minus_other_neurons,spearman_qc,age_sex_PMI_RIN,full_panel,6,4,intercept + female + age_per_10_years + PMI_per_10_hours + RIN + iPD,UVRAG,Fewer than five independent donors in an arm,,,,,,,,,,
