context,method,n_HC,n_iPD,model,gene,status,effect_z,se_hc3,t_hc3,df,ci_low,ci_high,p_hc3_t,max_leverage,p_wild,mean_r_HC,mean_r_iPD,q_wild_family
iDA_pooled,rna_qc,8,28,intercept + female + batch_fraction_2 + batch_fraction_3 + batch_fraction_4 + batch_fraction_5 + iPD,ATG10,tested,-0.0189742934646721,0.0123878896195313,-1.531680863119448,29.0,-0.0443103725180056,0.0063617855886612,0.1364384929643104,0.8092724084819486,0.09395,0.0127792254570466,-0.003430180346204,0.6081242424242425
iDA_pooled,rna_qc,8,28,intercept + female + batch_fraction_2 + batch_fraction_3 + batch_fraction_4 + batch_fraction_5 + iPD,ATG12,tested,-0.0101473796717582,0.0203629152829887,-0.4983264690118018,29.0,-0.0517942176087638,0.0314994582652474,0.622012474883785,0.8092724084819486,0.7378,0.0092914656107629,0.008984332329036,0.9226256410256408
iDA_pooled,rna_qc,8,28,intercept + female + batch_fraction_2 + batch_fraction_3 + batch_fraction_4 + batch_fraction_5 + iPD,ATG13,tested,-0.0101132843358016,0.014667875903823,-0.6894852671316665,29.0,-0.0401124589214246,0.0198858902498214,0.4959984049352821,0.8092724084819486,0.3229,-0.0047695743354176,-0.0123534350126693,0.741105
iDA_pooled,rna_qc,8,28,intercept + female + batch_fraction_2 + batch_fraction_3 + batch_fraction_4 + batch_fraction_5 + iPD,ATG16L1,tested,-0.0009498893713094,0.0162432776106338,-0.0584789224243482,29.0,-0.0341711222259681,0.0322713434833493,0.9537682591090582,0.8092724084819486,0.94165,0.0235610832459272,0.0140183907172213,0.964070238095238
iDA_pooled,rna_qc,8,28,intercept + female + batch_fraction_2 + batch_fraction_3 + batch_fraction_4 + batch_fraction_5 + iPD,ATG2A,tested,-0.0140727322803996,0.010140105658535,-1.387828959016269,29.0,-0.0348115769475929,0.0066661123867937,0.1757608395651003,0.8092724084819486,0.08415,-0.0070207472720384,-0.0121634446723356,0.6081242424242425
iDA_pooled,rna_qc,8,28,intercept + female + batch_fraction_2 + batch_fraction_3 + batch_fraction_4 + batch_fraction_5 + iPD,ATG2B,tested,0.0185300815782196,0.0167366498847591,1.1071559544956295,29.0,-0.0157002108760865,0.0527603740325258,0.2773257796983341,0.8092724084819486,0.21125,-0.0056356392970359,0.0008065530537301,0.6081242424242425
iDA_pooled,rna_qc,8,28,intercept + female + batch_fraction_2 + batch_fraction_3 + batch_fraction_4 + batch_fraction_5 + iPD,ATG3,tested,-0.0111810314291601,0.0228613659817838,-0.4890797618160387,29.0,-0.0579377747947487,0.0355757119364284,0.6284639417033347,0.8092724084819486,0.57755,0.0235141343067716,0.0238524011382835,0.8563672413793103
iDA_pooled,rna_qc,8,28,intercept + female + batch_fraction_2 + batch_fraction_3 + batch_fraction_4 + batch_fraction_5 + iPD,ATG4B,tested,-0.0077219822209406,0.0137578633994126,-0.5612777214571185,29.0,-0.0358599722578319,0.0204160078159507,0.5789200793100002,0.8092724084819486,0.5387,0.0166013432435733,0.005178399371984,0.8272892857142856
iDA_pooled,rna_qc,8,28,intercept + female + batch_fraction_2 + batch_fraction_3 + batch_fraction_4 + batch_fraction_5 + iPD,ATG4C,tested,0.0195445496723732,0.0129784032706383,1.5059286774198033,29.0,-0.0069992654042883,0.0460883647490347,0.1429013277404252,0.8092724084819486,0.1385,-0.0072871519933657,-0.0010846676636906,0.6081242424242425
iDA_pooled,rna_qc,8,28,intercept + female + batch_fraction_2 + batch_fraction_3 + batch_fraction_4 + batch_fraction_5 + iPD,ATG5,tested,-0.0194672683711707,0.0166374339965072,-1.1700883907492914,29.0,-0.0534946415498536,0.0145601048075122,0.2514919254001612,0.8092724084819486,0.1937,0.0234861585535462,0.0026220091165292,0.6081242424242425
iDA_pooled,rna_qc,8,28,intercept + female + batch_fraction_2 + batch_fraction_3 + batch_fraction_4 + batch_fraction_5 + iPD,ATG7,tested,0.0084128485335445,0.0193072389591247,0.4357354540105592,29.0,-0.0310748888933966,0.0479005859604858,0.6662549980214154,0.8092724084819486,0.6235,0.0112028661844043,0.0142075538601239,0.8876140625
iDA_pooled,rna_qc,8,28,intercept + female + batch_fraction_2 + batch_fraction_3 + batch_fraction_4 + batch_fraction_5 + iPD,ATG9B,tested,-0.0036606015074577,0.0210921066333256,-0.1735531481560945,29.0,-0.0467988032089592,0.0394776001940437,0.8634224333302807,0.8092724084819486,0.8368,0.0096858072615738,0.0031914632544139,0.9226256410256408
iDA_pooled,rna_qc,8,28,intercept + female + batch_fraction_2 + batch_fraction_3 + batch_fraction_4 + batch_fraction_5 + iPD,ATG101,tested,0.0061625744064492,0.0108354958559123,0.5687394917959988,29.0,-0.0159985029052688,0.0283236517181673,0.5739114533149224,0.8092724084819486,0.47755,0.0304033513756213,0.0314584419880423,0.7748924528301886
iDA_pooled,rna_qc,8,28,intercept + female + batch_fraction_2 + batch_fraction_3 + batch_fraction_4 + batch_fraction_5 + iPD,BCL2,tested,0.0058073350836341,0.0233060873134952,0.2491767496413431,29.0,-0.0418589655320594,0.0534736356993276,0.8049804777744559,0.8092724084819486,0.76215,0.0043037755971867,0.0072217727819521,0.9226256410256408
iDA_pooled,rna_qc,8,28,intercept + female + batch_fraction_2 + batch_fraction_3 + batch_fraction_4 + batch_fraction_5 + iPD,BECN1,tested,0.0003102965017382,0.01465317476058,0.0211760595780937,29.0,-0.0296588108699507,0.0302794038734273,0.9832502450201854,0.8092724084819486,0.9814,0.0090769792674997,0.0082127178902079,0.9814
iDA_pooled,rna_qc,8,28,intercept + female + batch_fraction_2 + batch_fraction_3 + batch_fraction_4 + batch_fraction_5 + iPD,CALCOCO2,tested,-0.0123867538192511,0.0112877163702079,-1.0973657924240463,29.0,-0.0354727259315869,0.0106992182930847,0.2815100792692413,0.8092724084819486,0.1647,-0.0184486924499581,-0.0215670484162278,0.6081242424242425
iDA_pooled,rna_qc,8,28,intercept + female + batch_fraction_2 + batch_fraction_3 + batch_fraction_4 + batch_fraction_5 + iPD,CLEC16A,tested,0.017955590485059,0.0157484892475959,1.1401468548991178,29.0,-0.0142536865429322,0.0501648675130504,0.2635544581544902,0.8092724084819486,0.24435,-0.0118386277067569,0.0018233645847274,0.6180617647058825
iDA_pooled,rna_qc,8,28,intercept + female + batch_fraction_2 + batch_fraction_3 + batch_fraction_4 + batch_fraction_5 + iPD,CTNS,tested,0.0123965974382823,0.009013147003026,1.3753905749146589,29.0,-0.006037357981206,0.0308305528577708,0.179542579884166,0.8092724084819486,0.08985,0.0010407888597877,0.0060639151822504,0.6081242424242425
iDA_pooled,rna_qc,8,28,intercept + female + batch_fraction_2 + batch_fraction_3 + batch_fraction_4 + batch_fraction_5 + iPD,EPG5,tested,-0.0144807723355762,0.015350969531163,-0.9433132093826214,29.0,-0.045877030256187,0.0169154855850344,0.3533136992094132,0.8092724084819486,0.33975,0.0108458260412843,0.0007988357973212,0.741105
iDA_pooled,rna_qc,8,28,intercept + female + batch_fraction_2 + batch_fraction_3 + batch_fraction_4 + batch_fraction_5 + iPD,GRN,tested,0.0040482860609111,0.0175762652395785,0.2303268644236873,29.0,-0.0318992126050615,0.0399957847268839,0.8194548562161497,0.8092724084819486,0.7699,-0.0484092251440062,-0.054049446991582,0.9226256410256408
iDA_pooled,rna_qc,8,28,intercept + female + batch_fraction_2 + batch_fraction_3 + batch_fraction_4 + batch_fraction_5 + iPD,GABARAP,tested,-0.0041153350950853,0.0198517180827417,-0.2073037244400027,29.0,-0.0447166573651705,0.0364859871749999,0.8372214988428436,0.8092724084819486,0.80815,-0.0079471332989914,0.0059418972402872,0.9226256410256408
iDA_pooled,rna_qc,8,28,intercept + female + batch_fraction_2 + batch_fraction_3 + batch_fraction_4 + batch_fraction_5 + iPD,GABARAPL1,tested,0.0230902579503919,0.0209865003698732,1.100243372808298,29.0,-0.0198319546907017,0.0660124705914857,0.2802755530844597,0.8092724084819486,0.169,0.0220536743902145,0.0236172933260266,0.6081242424242425
iDA_pooled,rna_qc,8,28,intercept + female + batch_fraction_2 + batch_fraction_3 + batch_fraction_4 + batch_fraction_5 + iPD,GABARAPL2,tested,0.0102072357587916,0.0257713499338436,0.3960691149277819,29.0,-0.0425010930436801,0.0629155645612633,0.6949531887016033,0.8092724084819486,0.64335,0.0228411671393439,0.0273163894186769,0.8876140625
iDA_pooled,rna_qc,8,28,intercept + female + batch_fraction_2 + batch_fraction_3 + batch_fraction_4 + batch_fraction_5 + iPD,LAMP2,tested,-0.0124522289255111,0.0239349259624762,-0.5202534967115822,29.0,-0.0614046489862191,0.0365001911351969,0.6068362320954935,0.8092724084819486,0.5571,-0.0278387617496397,-0.029699306650995,0.8405368421052632
iDA_pooled,rna_qc,8,28,intercept + female + batch_fraction_2 + batch_fraction_3 + batch_fraction_4 + batch_fraction_5 + iPD,MAP1LC3A,tested,-0.0201274928581326,0.0222412125772366,-0.9049638273199446,29.0,-0.0656158800980717,0.0253608943818065,0.3729417896456175,0.8092724084819486,0.22525,0.1131625345980422,0.0874388164769013,0.6081242424242425
iDA_pooled,rna_qc,8,28,intercept + female + batch_fraction_2 + batch_fraction_3 + batch_fraction_4 + batch_fraction_5 + iPD,MAP1LC3B,tested,0.0454164438491277,0.0289324200374884,1.5697423095019551,29.0,-0.0137569992301777,0.1045898869284332,0.127323268105304,0.8092724084819486,0.0487,0.1289136298231412,0.1103734554096208,0.6081242424242425
iDA_pooled,rna_qc,8,28,intercept + female + batch_fraction_2 + batch_fraction_3 + batch_fraction_4 + batch_fraction_5 + iPD,NBR1,tested,-0.0132400036647908,0.0367259339944411,-0.3605082900490652,29.0,-0.0883529725052308,0.0618729651756492,0.7210797410233657,0.8092724084819486,0.767,-0.0009177067988737,-0.0141053302641957,0.9226256410256408
iDA_pooled,rna_qc,8,28,intercept + female + batch_fraction_2 + batch_fraction_3 + batch_fraction_4 + batch_fraction_5 + iPD,OPTN,tested,0.0224880605415202,0.0174963219318072,1.2853021697456453,29.0,-0.0132959357017085,0.0582720567847489,0.2088570047973946,0.8092724084819486,0.10665,0.0880889134090543,0.0904814140889602,0.6081242424242425
iDA_pooled,rna_qc,8,28,intercept + female + batch_fraction_2 + batch_fraction_3 + batch_fraction_4 + batch_fraction_5 + iPD,PRKN,tested,0.0057438754312146,0.0223577857358323,0.2569071686740916,29.0,-0.0399829306881614,0.0514706815505908,0.7990644350472241,0.8092724084819486,0.7862,0.0212057418691291,0.0087746531519067,0.9226256410256408
iDA_pooled,rna_qc,8,28,intercept + female + batch_fraction_2 + batch_fraction_3 + batch_fraction_4 + batch_fraction_5 + iPD,PIK3R4,tested,-0.0089372900599368,0.0154158531721622,-0.5797467036125958,29.0,-0.0404662499264085,0.0225916698065348,0.5665626574631908,0.8092724084819486,0.5005,0.0153967742931565,0.001595865459848,0.7970925925925925
iDA_pooled,rna_qc,8,28,intercept + female + batch_fraction_2 + batch_fraction_3 + batch_fraction_4 + batch_fraction_5 + iPD,PINK1,tested,-0.0308483488793922,0.0409097584017463,-0.7540584468001997,29.0,-0.1145181994151312,0.0528215016563467,0.4568936391427318,0.8092724084819486,0.43265,0.0833303717258394,0.0594380821312514,0.7748924528301886
iDA_pooled,rna_qc,8,28,intercept + female + batch_fraction_2 + batch_fraction_3 + batch_fraction_4 + batch_fraction_5 + iPD,RB1CC1,tested,-0.0121498737256225,0.0147002733864051,-0.8265066510163552,29.0,-0.0422153086029527,0.0179155611517076,0.4152654505926147,0.8092724084819486,0.3447,0.0345770380777054,0.0205723300082903,0.741105
iDA_pooled,rna_qc,8,28,intercept + female + batch_fraction_2 + batch_fraction_3 + batch_fraction_4 + batch_fraction_5 + iPD,SNX14,tested,-0.026238598334527,0.008975399208569,-2.923390673194383,29.0,-0.0445953508458669,-0.0078818458231872,0.0066513268473999,0.8092724084819486,0.0083,0.0011572004040075,-0.0017671619696071,0.6081242424242425
iDA_pooled,rna_qc,8,28,intercept + female + batch_fraction_2 + batch_fraction_3 + batch_fraction_4 + batch_fraction_5 + iPD,SNX30,tested,-0.0314030299565149,0.0291874379587885,-1.0759090948939984,29.0,-0.0910980432477385,0.0282919833347086,0.2908377825537163,0.8092724084819486,0.2118,0.0281553654657821,0.0040165454631784,0.6081242424242425
iDA_pooled,rna_qc,8,28,intercept + female + batch_fraction_2 + batch_fraction_3 + batch_fraction_4 + batch_fraction_5 + iPD,SNX4,tested,-0.0111111954244092,0.0162857262972139,-0.6822658825053519,29.0,-0.0444192455911312,0.0221968547423127,0.5004845210669113,0.8092724084819486,0.4665,0.0123196634500118,0.0150320830961868,0.7748924528301886
iDA_pooled,rna_qc,8,28,intercept + female + batch_fraction_2 + batch_fraction_3 + batch_fraction_4 + batch_fraction_5 + iPD,SQSTM1,tested,0.0061708765424267,0.024418341857156,0.2527148067024998,29.0,-0.0437702400355585,0.056111993120412,0.8022713423445536,0.8092724084819486,0.7578,-0.0659274976184269,-0.0402323990565925,0.9226256410256408
iDA_pooled,rna_qc,8,28,intercept + female + batch_fraction_2 + batch_fraction_3 + batch_fraction_4 + batch_fraction_5 + iPD,SPG11,tested,-0.0195546457992517,0.0125571642095634,-1.5572501460448382,29.0,-0.0452369302617788,0.0061276386632753,0.1302584423020271,0.8092724084819486,0.06275,-0.005555136544745,-0.0084804700462407,0.6081242424242425
iDA_pooled,rna_qc,8,28,intercept + female + batch_fraction_2 + batch_fraction_3 + batch_fraction_4 + batch_fraction_5 + iPD,TOLLIP,tested,0.0307745097643862,0.0154202728444505,1.9957175903966795,29.0,-0.000763489346858,0.0623125088756306,0.0554332320899382,0.8092724084819486,0.0707,0.0077213875597158,0.0297980738918626,0.6081242424242425
iDA_pooled,rna_qc,8,28,intercept + female + batch_fraction_2 + batch_fraction_3 + batch_fraction_4 + batch_fraction_5 + iPD,UVRAG,tested,-0.010906452733603,0.0099945306185883,-1.0912421152944056,29.0,-0.0313475630139429,0.0095346575467367,0.2841501418582801,0.8092724084819486,0.1168,0.0210097297228307,0.0075295407006471,0.6081242424242425
iDA_pooled,rna_qc,8,28,intercept + female + batch_fraction_2 + batch_fraction_3 + batch_fraction_4 + batch_fraction_5 + iPD,WDR45,tested,0.0165343837918905,0.0116236963985131,1.4224720970865656,29.0,-0.0072387446334996,0.0403075122172807,0.165557265683731,0.8092724084819486,0.10525,0.0079618687150573,0.0150639562612527,0.6081242424242425
iDA_pooled,rna_qc,8,28,intercept + female + batch_fraction_2 + batch_fraction_3 + batch_fraction_4 + batch_fraction_5 + iPD,WIPI1,tested,0.0007648968160903,0.0088627779770593,0.0863044090769584,29.0,-0.0173615194142323,0.0188913130464131,0.9318175709415976,0.8092724084819486,0.91685,-0.0270815346687961,-0.0212585670280115,0.9615743902439026
iDA_pooled,rna_qc,8,28,intercept + female + batch_fraction_2 + batch_fraction_3 + batch_fraction_4 + batch_fraction_5 + iPD,WIPI2,tested,0.0019375049733763,0.0111092453899088,0.1744047327585658,29.0,-0.0207834529997913,0.0246584629465441,0.862759257313011,0.8092724084819486,0.8349,-0.0064279719132118,-0.003076640773504,0.9226256410256408
iDA_pooled,rna_qc,8,28,intercept + female + batch_fraction_2 + batch_fraction_3 + batch_fraction_4 + batch_fraction_5 + iPD,ZFYVE21,tested,-0.0247713315130989,0.0222232277951092,-1.1146594788786912,29.0,-0.0702229357435238,0.0206802727173259,0.2741491006026401,0.8092724084819486,0.1683,0.0104035523843961,0.0030184043243928,0.6081242424242425
iDA_specificity,rna_qc,8,28,intercept + female + batch_fraction_2 + batch_fraction_3 + batch_fraction_4 + batch_fraction_5 + iPD,ATG10,tested,-0.0249349493698364,0.017731666654946,-1.4062383336583362,29.0,-0.0612002796169482,0.0113303808772752,0.1702787806884504,0.8092724084819486,0.17895,,,0.6081242424242425
iDA_specificity,rna_qc,8,28,intercept + female + batch_fraction_2 + batch_fraction_3 + batch_fraction_4 + batch_fraction_5 + iPD,ATG12,tested,0.00802011636677,0.0211574935412072,0.379067414159893,29.0,-0.0352518165769382,0.0512920493104784,0.707399182969126,0.8092724084819486,0.7239,,,0.9226256410256408
iDA_specificity,rna_qc,8,28,intercept + female + batch_fraction_2 + batch_fraction_3 + batch_fraction_4 + batch_fraction_5 + iPD,ATG13,tested,-0.0053385267759573,0.0145753244365081,-0.3662715570560759,29.0,-0.0351484123572049,0.0244713588052903,0.716821121271529,0.8092724084819486,0.59705,,,0.8702762711864407
iDA_specificity,rna_qc,8,28,intercept + female + batch_fraction_2 + batch_fraction_3 + batch_fraction_4 + batch_fraction_5 + iPD,ATG16L1,tested,0.0203598266176984,0.0316614880021019,0.6430470550324993,29.0,-0.0443951871582294,0.0851148403936264,0.525245949383121,0.8092724084819486,0.51235,,,0.8011290909090909
iDA_specificity,rna_qc,8,28,intercept + female + batch_fraction_2 + batch_fraction_3 + batch_fraction_4 + batch_fraction_5 + iPD,ATG2A,tested,-0.0236421784779232,0.0177148964073232,-1.3345930980521912,29.0,-0.0598732097174909,0.0125888527616444,0.1923941301374122,0.8092724084819486,0.1269,,,0.6081242424242425
iDA_specificity,rna_qc,8,28,intercept + female + batch_fraction_2 + batch_fraction_3 + batch_fraction_4 + batch_fraction_5 + iPD,ATG2B,tested,0.0324695006850812,0.0155790973318004,2.0841708600666964,29.0,0.0006066690244125,0.0643323323457499,0.0460623745067684,0.8092724084819486,0.06325,,,0.6081242424242425
iDA_specificity,rna_qc,8,28,intercept + female + batch_fraction_2 + batch_fraction_3 + batch_fraction_4 + batch_fraction_5 + iPD,ATG3,tested,-0.0202343850043896,0.02439366698971,-0.8294933686241237,29.0,-0.0701250358120587,0.0296562658032793,0.4136013598227297,0.8092724084819486,0.3367,,,0.741105
iDA_specificity,rna_qc,8,28,intercept + female + batch_fraction_2 + batch_fraction_3 + batch_fraction_4 + batch_fraction_5 + iPD,ATG4B,tested,-0.0152504827630762,0.0220807760538916,-0.6906678789665314,29.0,-0.0604107404697893,0.0299097749436368,0.4952656894203482,0.8092724084819486,0.45,,,0.7748924528301886
iDA_specificity,rna_qc,8,28,intercept + female + batch_fraction_2 + batch_fraction_3 + batch_fraction_4 + batch_fraction_5 + iPD,ATG4C,tested,0.0058102676444607,0.0162318850784397,0.3579539663066177,29.0,-0.0273876648656557,0.0390082001545771,0.7229701185423933,0.8092724084819486,0.66055,,,0.8876140625
iDA_specificity,rna_qc,8,28,intercept + female + batch_fraction_2 + batch_fraction_3 + batch_fraction_4 + batch_fraction_5 + iPD,ATG5,tested,-0.027852549214854,0.0245746026727924,-1.1333875703183096,29.0,-0.0781132550448826,0.0224081566151745,0.2663347930713657,0.8092724084819486,0.2233,,,0.6081242424242425
iDA_specificity,rna_qc,8,28,intercept + female + batch_fraction_2 + batch_fraction_3 + batch_fraction_4 + batch_fraction_5 + iPD,ATG7,tested,0.01006154246051,0.0232869684402654,0.4320675096167831,29.0,-0.0375656556689294,0.0576887405899496,0.6688880774648953,0.8092724084819486,0.63915,,,0.8876140625
iDA_specificity,rna_qc,8,28,intercept + female + batch_fraction_2 + batch_fraction_3 + batch_fraction_4 + batch_fraction_5 + iPD,ATG9B,tested,-0.0027337729089498,0.0201419091643928,-0.1357256100520345,29.0,-0.0439286025811105,0.0384610567632107,0.8929759620258496,0.8092724084819486,0.85715,,,0.9331
iDA_specificity,rna_qc,8,28,intercept + female + batch_fraction_2 + batch_fraction_3 + batch_fraction_4 + batch_fraction_5 + iPD,ATG101,tested,0.0045449908743665,0.0121926646616429,0.3727643628766972,29.0,-0.0203918083082095,0.0294817900569427,0.7120345101014249,0.8092724084819486,0.6557,,,0.8876140625
iDA_specificity,rna_qc,8,28,intercept + female + batch_fraction_2 + batch_fraction_3 + batch_fraction_4 + batch_fraction_5 + iPD,BCL2,tested,0.0160547756469931,0.0227564994305346,0.7055028694549971,29.0,-0.0304874915395122,0.0625970428334986,0.486126199271779,0.8092724084819486,0.38945,,,0.7748924528301886
iDA_specificity,rna_qc,8,28,intercept + female + batch_fraction_2 + batch_fraction_3 + batch_fraction_4 + batch_fraction_5 + iPD,BECN1,tested,-0.0127284918942298,0.0192116002628979,-0.6625419912994724,29.0,-0.0520206262247132,0.0265636424362534,0.5128555500177343,0.8092724084819486,0.462,,,0.7748924528301886
iDA_specificity,rna_qc,8,28,intercept + female + batch_fraction_2 + batch_fraction_3 + batch_fraction_4 + batch_fraction_5 + iPD,CALCOCO2,tested,0.0145019800229201,0.0167201086820911,0.8673376650029312,29.0,-0.0196944818733729,0.0486984419192132,0.3928774728017169,0.8092724084819486,0.2807,,,0.6705611111111112
iDA_specificity,rna_qc,8,28,intercept + female + batch_fraction_2 + batch_fraction_3 + batch_fraction_4 + batch_fraction_5 + iPD,CLEC16A,tested,0.0223697309136674,0.0146560208634436,1.526316803318973,29.0,-0.0076051973919627,0.0523446592192976,0.1377647442136436,0.8092724084819486,0.14475,,,0.6081242424242425
iDA_specificity,rna_qc,8,28,intercept + female + batch_fraction_2 + batch_fraction_3 + batch_fraction_4 + batch_fraction_5 + iPD,CTNS,tested,0.0168426159371953,0.0250670186471277,0.6719034351189257,29.0,-0.0344251936398036,0.0681104255141942,0.5069631219317889,0.8092724084819486,0.4318,,,0.7748924528301886
iDA_specificity,rna_qc,8,28,intercept + female + batch_fraction_2 + batch_fraction_3 + batch_fraction_4 + batch_fraction_5 + iPD,EPG5,tested,-0.0156514377701458,0.0232869281131145,-0.6721125987128994,29.0,-0.063278553421301,0.0319756778810093,0.5068318956866136,0.8092724084819486,0.3852,,,0.7748924528301886
iDA_specificity,rna_qc,8,28,intercept + female + batch_fraction_2 + batch_fraction_3 + batch_fraction_4 + batch_fraction_5 + iPD,GRN,tested,-0.0325356260214877,0.0313951852445343,-1.0363253399548538,29.0,-0.0967459895038567,0.0316747374608812,0.3086149713330072,0.8092724084819486,0.23335,,,0.6081242424242425
iDA_specificity,rna_qc,8,28,intercept + female + batch_fraction_2 + batch_fraction_3 + batch_fraction_4 + batch_fraction_5 + iPD,GABARAP,tested,0.005781260360497,0.0251627642409468,0.2297545812192323,29.0,-0.0456823709430843,0.0572448916640783,0.8198953414028104,0.8092724084819486,0.78385,,,0.9226256410256408
iDA_specificity,rna_qc,8,28,intercept + female + batch_fraction_2 + batch_fraction_3 + batch_fraction_4 + batch_fraction_5 + iPD,GABARAPL1,tested,0.0363086535217606,0.0245146263557431,1.4811016490673297,29.0,-0.0138293869668129,0.0864466940103342,0.1493638647826641,0.8092724084819486,0.068,,,0.6081242424242425
iDA_specificity,rna_qc,8,28,intercept + female + batch_fraction_2 + batch_fraction_3 + batch_fraction_4 + batch_fraction_5 + iPD,GABARAPL2,tested,0.0374229690504727,0.0317147637951312,1.1799857407803809,29.0,-0.0274410059565667,0.1022869440575123,0.2475950426471841,0.8092724084819486,0.17415,,,0.6081242424242425
iDA_specificity,rna_qc,8,28,intercept + female + batch_fraction_2 + batch_fraction_3 + batch_fraction_4 + batch_fraction_5 + iPD,LAMP2,tested,-0.0086999023945776,0.0323552411977888,-0.2688869584187237,29.0,-0.0748738007706486,0.0574739959814933,0.7899204300992464,0.8092724084819486,0.76115,,,0.9226256410256408
iDA_specificity,rna_qc,8,28,intercept + female + batch_fraction_2 + batch_fraction_3 + batch_fraction_4 + batch_fraction_5 + iPD,MAP1LC3A,tested,-0.0014675579924463,0.0298962535255858,-0.0490883578837197,29.0,-0.0626122618916888,0.0596771459067961,0.9611854110568384,0.8092724084819486,0.95605,,,0.9672976470588236
iDA_specificity,rna_qc,8,28,intercept + female + batch_fraction_2 + batch_fraction_3 + batch_fraction_4 + batch_fraction_5 + iPD,MAP1LC3B,tested,0.0402756125404705,0.0428399208143512,0.940142086513342,29.0,-0.0473418633756583,0.1278930884565993,0.3549102309059169,0.8092724084819486,0.26915,,,0.6613399999999999
iDA_specificity,rna_qc,8,28,intercept + female + batch_fraction_2 + batch_fraction_3 + batch_fraction_4 + batch_fraction_5 + iPD,NBR1,tested,0.0028524780919335,0.0314499536415815,0.09069896014607,29.0,-0.0614698993395283,0.0671748555233954,0.9283553736330724,0.8092724084819486,0.9295,,,0.9630963855421688
iDA_specificity,rna_qc,8,28,intercept + female + batch_fraction_2 + batch_fraction_3 + batch_fraction_4 + batch_fraction_5 + iPD,OPTN,tested,0.0052670134776006,0.0291267284928388,0.1808309326224395,29.0,-0.0543038350143045,0.0648378619695058,0.8577581357514885,0.8092724084819486,0.82935,,,0.9226256410256408
iDA_specificity,rna_qc,8,28,intercept + female + batch_fraction_2 + batch_fraction_3 + batch_fraction_4 + batch_fraction_5 + iPD,PRKN,tested,0.0039299354724918,0.0211898723428553,0.1854629140234969,29.0,-0.0394082195561238,0.0472680905011076,0.8541570557414047,0.8092724084819486,0.8316,,,0.9226256410256408
iDA_specificity,rna_qc,8,28,intercept + female + batch_fraction_2 + batch_fraction_3 + batch_fraction_4 + batch_fraction_5 + iPD,PIK3R4,tested,-0.0083058534112979,0.0140798695513134,-0.5899098270071025,29.0,-0.0371024199750059,0.0204907131524101,0.5598198336586973,0.8092724084819486,0.4439,,,0.7748924528301886
iDA_specificity,rna_qc,8,28,intercept + female + batch_fraction_2 + batch_fraction_3 + batch_fraction_4 + batch_fraction_5 + iPD,PINK1,tested,-0.0385233757629983,0.044132034874058,-0.8729118399578593,29.0,-0.128783521655056,0.0517367701290592,0.3898818678741212,0.8092724084819486,0.3669,,,0.7695951219512195
iDA_specificity,rna_qc,8,28,intercept + female + batch_fraction_2 + batch_fraction_3 + batch_fraction_4 + batch_fraction_5 + iPD,RB1CC1,tested,-0.0017494730149216,0.0142714422794246,-0.1225855789953274,29.0,-0.0309378498007869,0.0274389037709435,0.9032808673772909,0.8092724084819486,0.88455,,,0.9391518518518518
iDA_specificity,rna_qc,8,28,intercept + female + batch_fraction_2 + batch_fraction_3 + batch_fraction_4 + batch_fraction_5 + iPD,SNX14,tested,-0.0211741225705866,0.0158455190256922,-1.3362845695527252,29.0,-0.0535818477769101,0.0112336026357368,0.1918475127307792,0.8092724084819486,0.1663,,,0.6081242424242425
iDA_specificity,rna_qc,8,28,intercept + female + batch_fraction_2 + batch_fraction_3 + batch_fraction_4 + batch_fraction_5 + iPD,SNX30,tested,-0.0427331520116162,0.0359111421975917,-1.1899691682455582,29.0,-0.1161796845169735,0.0307133804937409,0.243709517249881,0.8092724084819486,0.1835,,,0.6081242424242425
iDA_specificity,rna_qc,8,28,intercept + female + batch_fraction_2 + batch_fraction_3 + batch_fraction_4 + batch_fraction_5 + iPD,SNX4,tested,-0.0243308413461011,0.0236236204198288,-1.0299370254729745,29.0,-0.0726465700832265,0.0239848873910242,0.3115534583037752,0.8092724084819486,0.23265,,,0.6081242424242425
iDA_specificity,rna_qc,8,28,intercept + female + batch_fraction_2 + batch_fraction_3 + batch_fraction_4 + batch_fraction_5 + iPD,SQSTM1,tested,-0.0057292242026195,0.0403104735659565,-0.1421274347780939,29.0,-0.0881733996281205,0.0767149512228814,0.8879621763095141,0.8092724084819486,0.87195,,,0.93734625
iDA_specificity,rna_qc,8,28,intercept + female + batch_fraction_2 + batch_fraction_3 + batch_fraction_4 + batch_fraction_5 + iPD,SPG11,tested,-0.0112983014424993,0.0169582087922176,-0.6662437985599213,29.0,-0.0459817327418181,0.0233851298568195,0.5105210187609307,0.8092724084819486,0.43025,,,0.7748924528301886
iDA_specificity,rna_qc,8,28,intercept + female + batch_fraction_2 + batch_fraction_3 + batch_fraction_4 + batch_fraction_5 + iPD,TOLLIP,tested,-0.0209529277482843,0.0298045723780643,-0.7030105140413065,29.0,-0.0819101226469911,0.0400042671504224,0.4876549436626767,0.8092724084819486,0.4244,,,0.7748924528301886
iDA_specificity,rna_qc,8,28,intercept + female + batch_fraction_2 + batch_fraction_3 + batch_fraction_4 + batch_fraction_5 + iPD,UVRAG,tested,-0.0114793402063267,0.0206523257749693,-0.5558376490574115,29.0,-0.0537180890602753,0.0307594086476218,0.5825852343445385,0.8092724084819486,0.4696,,,0.7748924528301886
iDA_specificity,rna_qc,8,28,intercept + female + batch_fraction_2 + batch_fraction_3 + batch_fraction_4 + batch_fraction_5 + iPD,WDR45,tested,0.0255789703582849,0.0199057687508555,1.2850028892848226,29.0,-0.0151328979404037,0.0662908386569736,0.2089601488897266,0.8092724084819486,0.12355,,,0.6081242424242425
iDA_specificity,rna_qc,8,28,intercept + female + batch_fraction_2 + batch_fraction_3 + batch_fraction_4 + batch_fraction_5 + iPD,WIPI1,tested,-0.0575583339081904,0.0486986209474412,-1.1819294425259226,29.0,-0.1571581970008819,0.0420415291845009,0.2468350017082268,0.8092724084819486,0.2024,,,0.6081242424242425
iDA_specificity,rna_qc,8,28,intercept + female + batch_fraction_2 + batch_fraction_3 + batch_fraction_4 + batch_fraction_5 + iPD,WIPI2,tested,0.0165974965753086,0.0139979527303775,1.185708860074213,29.0,-0.0120315312780318,0.0452265244286491,0.2453620715897684,0.8092724084819486,0.1325,,,0.6081242424242425
iDA_specificity,rna_qc,8,28,intercept + female + batch_fraction_2 + batch_fraction_3 + batch_fraction_4 + batch_fraction_5 + iPD,ZFYVE21,tested,-0.0383938686823052,0.0242175046731291,-1.5853767430013432,29.0,-0.0879242270982762,0.0111364897336656,0.1237263072991066,0.8092724084819486,0.0684,,,0.6081242424242425
