gene,pooled_iDA1_4_n_HC,pooled_iDA1_4_n_iPD,pooled_iDA1_4_disease_coefficient_fisher_z,pooled_iDA1_4_HC3_95CI_low,pooled_iDA1_4_HC3_95CI_high,pooled_iDA1_4_raw_wild_P,pooled_iDA1_4_BH_q_joint86,pooled_iDA1_4_mean_r_HC,pooled_iDA1_4_mean_r_iPD,pooled_iDA1_4_display,pooled_iDA1_4_raw_wild_P_display,pooled_iDA1_4_BH_q_display,direct_specificity_n_HC,direct_specificity_n_iPD,direct_specificity_disease_coefficient_fisher_z,direct_specificity_HC3_95CI_low,direct_specificity_HC3_95CI_high,direct_specificity_raw_wild_P,direct_specificity_BH_q_joint86,direct_specificity_mean_r_HC,direct_specificity_mean_r_iPD,direct_specificity_display,direct_specificity_raw_wild_P_display,direct_specificity_BH_q_display
ATG10,8,28,-0.0189742934646721,-0.0443103725180056,0.0063617855886612,0.09395,0.6081242424242425,0.0127792254570466,-0.003430180346204,"-0.0190 (-0.0443, 0.0064)",0.094,0.608,8,28,-0.0249349493698364,-0.0612002796169482,0.0113303808772752,0.17895,0.6081242424242425,,,"-0.0249 (-0.0612, 0.0113)",0.179,0.608
ATG101,8,28,0.0061625744064492,-0.0159985029052688,0.0283236517181673,0.47755,0.7748924528301886,0.0304033513756213,0.0314584419880423,"0.0062 (-0.0160, 0.0283)",0.478,0.775,8,28,0.0045449908743665,-0.0203918083082095,0.0294817900569427,0.6557,0.8876140625,,,"0.0045 (-0.0204, 0.0295)",0.656,0.888
ATG12,8,28,-0.0101473796717582,-0.0517942176087638,0.0314994582652474,0.7378,0.9226256410256408,0.0092914656107629,0.008984332329036,"-0.0101 (-0.0518, 0.0315)",0.738,0.923,8,28,0.00802011636677,-0.0352518165769382,0.0512920493104784,0.7239,0.9226256410256408,,,"0.0080 (-0.0353, 0.0513)",0.724,0.923
ATG13,8,28,-0.0101132843358016,-0.0401124589214246,0.0198858902498214,0.3229,0.741105,-0.0047695743354176,-0.0123534350126693,"-0.0101 (-0.0401, 0.0199)",0.323,0.741,8,28,-0.0053385267759573,-0.0351484123572049,0.0244713588052903,0.59705,0.8702762711864407,,,"-0.0053 (-0.0351, 0.0245)",0.597,0.870
ATG16L1,8,28,-0.0009498893713094,-0.0341711222259681,0.0322713434833493,0.94165,0.964070238095238,0.0235610832459272,0.0140183907172213,"-0.0009 (-0.0342, 0.0323)",0.942,0.964,8,28,0.0203598266176984,-0.0443951871582294,0.0851148403936264,0.51235,0.8011290909090909,,,"0.0204 (-0.0444, 0.0851)",0.512,0.801
ATG2A,8,28,-0.0140727322803996,-0.0348115769475929,0.0066661123867937,0.08415,0.6081242424242425,-0.0070207472720384,-0.0121634446723356,"-0.0141 (-0.0348, 0.0067)",0.084,0.608,8,28,-0.0236421784779232,-0.0598732097174909,0.0125888527616444,0.1269,0.6081242424242425,,,"-0.0236 (-0.0599, 0.0126)",0.127,0.608
ATG2B,8,28,0.0185300815782196,-0.0157002108760865,0.0527603740325258,0.21125,0.6081242424242425,-0.0056356392970359,0.0008065530537301,"0.0185 (-0.0157, 0.0528)",0.211,0.608,8,28,0.0324695006850812,0.0006066690244125,0.0643323323457499,0.06325,0.6081242424242425,,,"0.0325 (0.0006, 0.0643)",0.063,0.608
ATG3,8,28,-0.0111810314291601,-0.0579377747947487,0.0355757119364284,0.57755,0.8563672413793103,0.0235141343067716,0.0238524011382835,"-0.0112 (-0.0579, 0.0356)",0.578,0.856,8,28,-0.0202343850043896,-0.0701250358120587,0.0296562658032793,0.3367,0.741105,,,"-0.0202 (-0.0701, 0.0297)",0.337,0.741
ATG4B,8,28,-0.0077219822209406,-0.0358599722578319,0.0204160078159507,0.5387,0.8272892857142856,0.0166013432435733,0.005178399371984,"-0.0077 (-0.0359, 0.0204)",0.539,0.827,8,28,-0.0152504827630762,-0.0604107404697893,0.0299097749436368,0.45,0.7748924528301886,,,"-0.0153 (-0.0604, 0.0299)",0.450,0.775
ATG4C,8,28,0.0195445496723732,-0.0069992654042883,0.0460883647490347,0.1385,0.6081242424242425,-0.0072871519933657,-0.0010846676636906,"0.0195 (-0.0070, 0.0461)",0.139,0.608,8,28,0.0058102676444607,-0.0273876648656557,0.0390082001545771,0.66055,0.8876140625,,,"0.0058 (-0.0274, 0.0390)",0.661,0.888
ATG5,8,28,-0.0194672683711707,-0.0534946415498536,0.0145601048075122,0.1937,0.6081242424242425,0.0234861585535462,0.0026220091165292,"-0.0195 (-0.0535, 0.0146)",0.194,0.608,8,28,-0.027852549214854,-0.0781132550448826,0.0224081566151745,0.2233,0.6081242424242425,,,"-0.0279 (-0.0781, 0.0224)",0.223,0.608
ATG7,8,28,0.0084128485335445,-0.0310748888933966,0.0479005859604858,0.6235,0.8876140625,0.0112028661844043,0.0142075538601239,"0.0084 (-0.0311, 0.0479)",0.624,0.888,8,28,0.01006154246051,-0.0375656556689294,0.0576887405899496,0.63915,0.8876140625,,,"0.0101 (-0.0376, 0.0577)",0.639,0.888
ATG9B,8,28,-0.0036606015074577,-0.0467988032089592,0.0394776001940437,0.8368,0.9226256410256408,0.0096858072615738,0.0031914632544139,"-0.0037 (-0.0468, 0.0395)",0.837,0.923,8,28,-0.0027337729089498,-0.0439286025811105,0.0384610567632107,0.85715,0.9331,,,"-0.0027 (-0.0439, 0.0385)",0.857,0.933
BCL2,8,28,0.0058073350836341,-0.0418589655320594,0.0534736356993276,0.76215,0.9226256410256408,0.0043037755971867,0.0072217727819521,"0.0058 (-0.0419, 0.0535)",0.762,0.923,8,28,0.0160547756469931,-0.0304874915395122,0.0625970428334986,0.38945,0.7748924528301886,,,"0.0161 (-0.0305, 0.0626)",0.389,0.775
BECN1,8,28,0.0003102965017382,-0.0296588108699507,0.0302794038734273,0.9814,0.9814,0.0090769792674997,0.0082127178902079,"0.0003 (-0.0297, 0.0303)",0.981,0.981,8,28,-0.0127284918942298,-0.0520206262247132,0.0265636424362534,0.462,0.7748924528301886,,,"-0.0127 (-0.0520, 0.0266)",0.462,0.775
CALCOCO2,8,28,-0.0123867538192511,-0.0354727259315869,0.0106992182930847,0.1647,0.6081242424242425,-0.0184486924499581,-0.0215670484162278,"-0.0124 (-0.0355, 0.0107)",0.165,0.608,8,28,0.0145019800229201,-0.0196944818733729,0.0486984419192132,0.2807,0.6705611111111112,,,"0.0145 (-0.0197, 0.0487)",0.281,0.671
CLEC16A,8,28,0.017955590485059,-0.0142536865429322,0.0501648675130504,0.24435,0.6180617647058825,-0.0118386277067569,0.0018233645847274,"0.0180 (-0.0143, 0.0502)",0.244,0.618,8,28,0.0223697309136674,-0.0076051973919627,0.0523446592192976,0.14475,0.6081242424242425,,,"0.0224 (-0.0076, 0.0523)",0.145,0.608
CTNS,8,28,0.0123965974382823,-0.006037357981206,0.0308305528577708,0.08985,0.6081242424242425,0.0010407888597877,0.0060639151822504,"0.0124 (-0.0060, 0.0308)",0.090,0.608,8,28,0.0168426159371953,-0.0344251936398036,0.0681104255141942,0.4318,0.7748924528301886,,,"0.0168 (-0.0344, 0.0681)",0.432,0.775
EPG5,8,28,-0.0144807723355762,-0.045877030256187,0.0169154855850344,0.33975,0.741105,0.0108458260412843,0.0007988357973212,"-0.0145 (-0.0459, 0.0169)",0.340,0.741,8,28,-0.0156514377701458,-0.063278553421301,0.0319756778810093,0.3852,0.7748924528301886,,,"-0.0157 (-0.0633, 0.0320)",0.385,0.775
GABARAP,8,28,-0.0041153350950853,-0.0447166573651705,0.0364859871749999,0.80815,0.9226256410256408,-0.0079471332989914,0.0059418972402872,"-0.0041 (-0.0447, 0.0365)",0.808,0.923,8,28,0.005781260360497,-0.0456823709430843,0.0572448916640783,0.78385,0.9226256410256408,,,"0.0058 (-0.0457, 0.0572)",0.784,0.923
GABARAPL1,8,28,0.0230902579503919,-0.0198319546907017,0.0660124705914857,0.169,0.6081242424242425,0.0220536743902145,0.0236172933260266,"0.0231 (-0.0198, 0.0660)",0.169,0.608,8,28,0.0363086535217606,-0.0138293869668129,0.0864466940103342,0.068,0.6081242424242425,,,"0.0363 (-0.0138, 0.0864)",0.068,0.608
GABARAPL2,8,28,0.0102072357587916,-0.0425010930436801,0.0629155645612633,0.64335,0.8876140625,0.0228411671393439,0.0273163894186769,"0.0102 (-0.0425, 0.0629)",0.643,0.888,8,28,0.0374229690504727,-0.0274410059565667,0.1022869440575123,0.17415,0.6081242424242425,,,"0.0374 (-0.0274, 0.1023)",0.174,0.608
GRN,8,28,0.0040482860609111,-0.0318992126050615,0.0399957847268839,0.7699,0.9226256410256408,-0.0484092251440062,-0.054049446991582,"0.0040 (-0.0319, 0.0400)",0.770,0.923,8,28,-0.0325356260214877,-0.0967459895038567,0.0316747374608812,0.23335,0.6081242424242425,,,"-0.0325 (-0.0967, 0.0317)",0.233,0.608
LAMP2,8,28,-0.0124522289255111,-0.0614046489862191,0.0365001911351969,0.5571,0.8405368421052632,-0.0278387617496397,-0.029699306650995,"-0.0125 (-0.0614, 0.0365)",0.557,0.841,8,28,-0.0086999023945776,-0.0748738007706486,0.0574739959814933,0.76115,0.9226256410256408,,,"-0.0087 (-0.0749, 0.0575)",0.761,0.923
MAP1LC3A,8,28,-0.0201274928581326,-0.0656158800980717,0.0253608943818065,0.22525,0.6081242424242425,0.1131625345980422,0.0874388164769013,"-0.0201 (-0.0656, 0.0254)",0.225,0.608,8,28,-0.0014675579924463,-0.0626122618916888,0.0596771459067961,0.95605,0.9672976470588236,,,"-0.0015 (-0.0626, 0.0597)",0.956,0.967
MAP1LC3B,8,28,0.0454164438491277,-0.0137569992301777,0.1045898869284332,0.0487,0.6081242424242425,0.1289136298231412,0.1103734554096208,"0.0454 (-0.0138, 0.1046)",0.049,0.608,8,28,0.0402756125404705,-0.0473418633756583,0.1278930884565993,0.26915,0.6613399999999999,,,"0.0403 (-0.0473, 0.1279)",0.269,0.661
NBR1,8,28,-0.0132400036647908,-0.0883529725052308,0.0618729651756492,0.767,0.9226256410256408,-0.0009177067988737,-0.0141053302641957,"-0.0132 (-0.0884, 0.0619)",0.767,0.923,8,28,0.0028524780919335,-0.0614698993395283,0.0671748555233954,0.9295,0.9630963855421688,,,"0.0029 (-0.0615, 0.0672)",0.929,0.963
OPTN,8,28,0.0224880605415202,-0.0132959357017085,0.0582720567847489,0.10665,0.6081242424242425,0.0880889134090543,0.0904814140889602,"0.0225 (-0.0133, 0.0583)",0.107,0.608,8,28,0.0052670134776006,-0.0543038350143045,0.0648378619695058,0.82935,0.9226256410256408,,,"0.0053 (-0.0543, 0.0648)",0.829,0.923
PIK3R4,8,28,-0.0089372900599368,-0.0404662499264085,0.0225916698065348,0.5005,0.7970925925925925,0.0153967742931565,0.001595865459848,"-0.0089 (-0.0405, 0.0226)",0.500,0.797,8,28,-0.0083058534112979,-0.0371024199750059,0.0204907131524101,0.4439,0.7748924528301886,,,"-0.0083 (-0.0371, 0.0205)",0.444,0.775
PINK1,8,28,-0.0308483488793922,-0.1145181994151312,0.0528215016563467,0.43265,0.7748924528301886,0.0833303717258394,0.0594380821312514,"-0.0308 (-0.1145, 0.0528)",0.433,0.775,8,28,-0.0385233757629983,-0.128783521655056,0.0517367701290592,0.3669,0.7695951219512195,,,"-0.0385 (-0.1288, 0.0517)",0.367,0.770
PRKN,8,28,0.0057438754312146,-0.0399829306881614,0.0514706815505908,0.7862,0.9226256410256408,0.0212057418691291,0.0087746531519067,"0.0057 (-0.0400, 0.0515)",0.786,0.923,8,28,0.0039299354724918,-0.0394082195561238,0.0472680905011076,0.8316,0.9226256410256408,,,"0.0039 (-0.0394, 0.0473)",0.832,0.923
RB1CC1,8,28,-0.0121498737256225,-0.0422153086029527,0.0179155611517076,0.3447,0.741105,0.0345770380777054,0.0205723300082903,"-0.0121 (-0.0422, 0.0179)",0.345,0.741,8,28,-0.0017494730149216,-0.0309378498007869,0.0274389037709435,0.88455,0.9391518518518518,,,"-0.0017 (-0.0309, 0.0274)",0.885,0.939
SNX14,8,28,-0.026238598334527,-0.0445953508458669,-0.0078818458231872,0.0083,0.6081242424242425,0.0011572004040075,-0.0017671619696071,"-0.0262 (-0.0446, -0.0079)",0.0083,0.608,8,28,-0.0211741225705866,-0.0535818477769101,0.0112336026357368,0.1663,0.6081242424242425,,,"-0.0212 (-0.0536, 0.0112)",0.166,0.608
SNX30,8,28,-0.0314030299565149,-0.0910980432477385,0.0282919833347086,0.2118,0.6081242424242425,0.0281553654657821,0.0040165454631784,"-0.0314 (-0.0911, 0.0283)",0.212,0.608,8,28,-0.0427331520116162,-0.1161796845169735,0.0307133804937409,0.1835,0.6081242424242425,,,"-0.0427 (-0.1162, 0.0307)",0.183,0.608
SNX4,8,28,-0.0111111954244092,-0.0444192455911312,0.0221968547423127,0.4665,0.7748924528301886,0.0123196634500118,0.0150320830961868,"-0.0111 (-0.0444, 0.0222)",0.467,0.775,8,28,-0.0243308413461011,-0.0726465700832265,0.0239848873910242,0.23265,0.6081242424242425,,,"-0.0243 (-0.0726, 0.0240)",0.233,0.608
SPG11,8,28,-0.0195546457992517,-0.0452369302617788,0.0061276386632753,0.06275,0.6081242424242425,-0.005555136544745,-0.0084804700462407,"-0.0196 (-0.0452, 0.0061)",0.063,0.608,8,28,-0.0112983014424993,-0.0459817327418181,0.0233851298568195,0.43025,0.7748924528301886,,,"-0.0113 (-0.0460, 0.0234)",0.430,0.775
SQSTM1,8,28,0.0061708765424267,-0.0437702400355585,0.056111993120412,0.7578,0.9226256410256408,-0.0659274976184269,-0.0402323990565925,"0.0062 (-0.0438, 0.0561)",0.758,0.923,8,28,-0.0057292242026195,-0.0881733996281205,0.0767149512228814,0.87195,0.93734625,,,"-0.0057 (-0.0882, 0.0767)",0.872,0.937
TOLLIP,8,28,0.0307745097643862,-0.000763489346858,0.0623125088756306,0.0707,0.6081242424242425,0.0077213875597158,0.0297980738918626,"0.0308 (-0.0008, 0.0623)",0.071,0.608,8,28,-0.0209529277482843,-0.0819101226469911,0.0400042671504224,0.4244,0.7748924528301886,,,"-0.0210 (-0.0819, 0.0400)",0.424,0.775
UVRAG,8,28,-0.010906452733603,-0.0313475630139429,0.0095346575467367,0.1168,0.6081242424242425,0.0210097297228307,0.0075295407006471,"-0.0109 (-0.0313, 0.0095)",0.117,0.608,8,28,-0.0114793402063267,-0.0537180890602753,0.0307594086476218,0.4696,0.7748924528301886,,,"-0.0115 (-0.0537, 0.0308)",0.470,0.775
WDR45,8,28,0.0165343837918905,-0.0072387446334996,0.0403075122172807,0.10525,0.6081242424242425,0.0079618687150573,0.0150639562612527,"0.0165 (-0.0072, 0.0403)",0.105,0.608,8,28,0.0255789703582849,-0.0151328979404037,0.0662908386569736,0.12355,0.6081242424242425,,,"0.0256 (-0.0151, 0.0663)",0.124,0.608
WIPI1,8,28,0.0007648968160903,-0.0173615194142323,0.0188913130464131,0.91685,0.9615743902439026,-0.0270815346687961,-0.0212585670280115,"0.0008 (-0.0174, 0.0189)",0.917,0.962,8,28,-0.0575583339081904,-0.1571581970008819,0.0420415291845009,0.2024,0.6081242424242425,,,"-0.0576 (-0.1572, 0.0420)",0.202,0.608
WIPI2,8,28,0.0019375049733763,-0.0207834529997913,0.0246584629465441,0.8349,0.9226256410256408,-0.0064279719132118,-0.003076640773504,"0.0019 (-0.0208, 0.0247)",0.835,0.923,8,28,0.0165974965753086,-0.0120315312780318,0.0452265244286491,0.1325,0.6081242424242425,,,"0.0166 (-0.0120, 0.0452)",0.133,0.608
ZFYVE21,8,28,-0.0247713315130989,-0.0702229357435238,0.0206802727173259,0.1683,0.6081242424242425,0.0104035523843961,0.0030184043243928,"-0.0248 (-0.0702, 0.0207)",0.168,0.608,8,28,-0.0383938686823052,-0.0879242270982762,0.0111364897336656,0.0684,0.6081242424242425,,,"-0.0384 (-0.0879, 0.0111)",0.068,0.608
